KNOWN-ANSWER BOARD ROUND PASSED
  no-op, candidate train/holdout, restore, baseline train/holdout
  evidence: /tmp/claimb-driver-test-z8shdi6p/record.json
predictions: 66196925786e71702bdb677eaae0a3c5a605401bb88230b860809a59d2b7d200
staging:     d4e196d0dad878b38056a078aca1c80f0c9fb3d326dc9568a8ee3e1d5a6911ef  2 specimens from build/tmp3caq9w4_/staging/staging_manifest.json
predictions: b5f7a40245f4e83944d0b3d1b59525665b7e08bfd8abb3e9b54f473986bd7c82
staging:     2228f889860b24b79634cb6217b2c9f867ff8f5b46fe4e31e3c86444dec61e41  5 specimens from build/tmpwdr3ksqe/staging/staging_manifest.json
predictions: 5f46637c62efd7a1b4feebf64c7a638f844071ca5858ea56772c0288e859f241
staging:     a7ea787e1dd9666a3af05e865185a1f209d917da8b29aae39c66cd133938831a  9 specimens from build/tmpjn66tq77/staging/staging_manifest.json

  results: 8 of 8 predictions scored
    mine     tp=   0 fn=   0 fp=   0  member_identity 0/0
    holdout  tp=   8 fn=   0 fp=   0  member_identity 0/8

  frames: 9 parse(s) over 9 specimens, cache 64, 0 eviction(s)
  pair accounting: 8 pairs, 0 not exact

  holdout ADDRESS decision: PASS
  tp=8/8 fn=0 fp=0
  holdout SEMANTIC decision (isolated, never contributes to the above): FAIL
  member_identity pass=0 fail=8
  SEMANTIC FINDING CLBLL_L.SLICEL_X0.AFF.ZINI_00: attestation field /resolved/clock_mode is 'NOCLKINV', preregistered 'CLKINV' — the naming claim is not auditable
  SEMANTIC FINDING CLBLL_L.SLICEL_X0.AFF.ZINI_01: attestation field /resolved/clock_mode is 'NOCLKINV', preregistered 'CLKINV' — the naming claim is not auditable
  SEMANTIC FINDING CLBLL_L.SLICEL_X0.AFF.ZINI_02: attestation field /resolved/clock_mode is 'NOCLKINV', preregistered 'CLKINV' — the naming claim is not auditable
  SEMANTIC FINDING CLBLL_L.SLICEL_X0.AFF.ZINI_03: attestation field /resolved/clock_mode is 'NOCLKINV', preregistered 'CLKINV' — the naming claim is not auditable
  SEMANTIC FINDING CLBLL_L.SLICEL_X0.AFF.ZINI_04: attestation field /resolved/clock_mode is 'NOCLKINV', preregistered 'CLKINV' — the naming claim is not auditable
  SEMANTIC FINDING CLBLL_L.SLICEL_X0.AFF.ZINI_05: attestation field /resolved/clock_mode is 'NOCLKINV', preregistered 'CLKINV' — the naming claim is not auditable
  SEMANTIC FINDING CLBLL_L.SLICEL_X0.AFF.ZINI_06: attestation field /resolved/clock_mode is 'NOCLKINV', preregistered 'CLKINV' — the naming claim is not auditable
  SEMANTIC FINDING CLBLL_L.SLICEL_X0.AFF.ZINI_07: attestation field /resolved/clock_mode is 'NOCLKINV', preregistered 'CLKINV' — the naming claim is not auditable
  wrote /home/test/zynq_fabricmap/build/tmpjn66tq77/run_fixture/measurement.json
predictions: 5f46637c62efd7a1b4feebf64c7a638f844071ca5858ea56772c0288e859f241
staging:     c9ce7be6e45a75b2181cf32d73d5aa42c84168da97304e6ac2eb2cb72ff1f0f6  9 specimens from build/tmp7fv2c5bb/staging/staging_manifest.json

  results: 8 of 8 predictions scored
    mine     tp=   0 fn=   0 fp=   0  member_identity 0/0
    holdout  tp=   8 fn=   0 fp=   0  member_identity 0/8

  frames: 18 parse(s) over 9 specimens, cache 2, 16 eviction(s)
  pair accounting: 8 pairs, 0 not exact

  holdout ADDRESS decision: PASS
  tp=8/8 fn=0 fp=0
  holdout SEMANTIC decision (isolated, never contributes to the above): FAIL
  member_identity pass=0 fail=8
  SEMANTIC FINDING CLBLL_L.SLICEL_X0.AFF.ZINI_00: attestation field /resolved/clock_mode is 'NOCLKINV', preregistered 'CLKINV' — the naming claim is not auditable
  SEMANTIC FINDING CLBLL_L.SLICEL_X0.AFF.ZINI_01: attestation field /resolved/clock_mode is 'NOCLKINV', preregistered 'CLKINV' — the naming claim is not auditable
  SEMANTIC FINDING CLBLL_L.SLICEL_X0.AFF.ZINI_02: attestation field /resolved/clock_mode is 'NOCLKINV', preregistered 'CLKINV' — the naming claim is not auditable
  SEMANTIC FINDING CLBLL_L.SLICEL_X0.AFF.ZINI_03: attestation field /resolved/clock_mode is 'NOCLKINV', preregistered 'CLKINV' — the naming claim is not auditable
  SEMANTIC FINDING CLBLL_L.SLICEL_X0.AFF.ZINI_04: attestation field /resolved/clock_mode is 'NOCLKINV', preregistered 'CLKINV' — the naming claim is not auditable
  SEMANTIC FINDING CLBLL_L.SLICEL_X0.AFF.ZINI_05: attestation field /resolved/clock_mode is 'NOCLKINV', preregistered 'CLKINV' — the naming claim is not auditable
  SEMANTIC FINDING CLBLL_L.SLICEL_X0.AFF.ZINI_06: attestation field /resolved/clock_mode is 'NOCLKINV', preregistered 'CLKINV' — the naming claim is not auditable
  SEMANTIC FINDING CLBLL_L.SLICEL_X0.AFF.ZINI_07: attestation field /resolved/clock_mode is 'NOCLKINV', preregistered 'CLKINV' — the naming claim is not auditable
  wrote /home/test/zynq_fabricmap/build/tmp7fv2c5bb/run_fixture/measurement.json
predictions: 66196925786e71702bdb677eaae0a3c5a605401bb88230b860809a59d2b7d200
staging:     54fd7d3b99e061001a78bffeb63ce033f283710f41f8b4bcd1934b3a5e89dd69  2 specimens from build/tmp5kkz6qws/staging/staging_manifest.json

  results: 1 of 1 predictions scored
    mine     tp=   0 fn=   0 fp=   0  member_identity 0/0
    holdout  tp=   1 fn=   0 fp=   0  member_identity 1/1

  frames: 2 parse(s) over 2 specimens, cache 4, 0 eviction(s)
  pair accounting: 1 pairs, 0 not exact

  holdout ADDRESS decision: PASS
  tp=1/1 fn=0 fp=0
  holdout SEMANTIC decision (isolated, never contributes to the above): PASS
  member_identity pass=1 fail=0
  wrote /home/test/zynq_fabricmap/build/tmp5kkz6qws/run_fixture/measurement.json
predictions: 66196925786e71702bdb677eaae0a3c5a605401bb88230b860809a59d2b7d200
staging:     6b1c4cef8e8a50b1f6d8290a37ebaaeea2f453d817cef08c2e9d9024279c355d  2 specimens from build/tmpagx0for2/staging/staging_manifest.json

  results: 1 of 1 predictions scored
    mine     tp=   0 fn=   0 fp=   0  member_identity 0/0
    holdout  tp=   1 fn=   0 fp=   0  member_identity 1/1

  frames: 2 parse(s) over 2 specimens, cache 4, 0 eviction(s)
  pair accounting: 1 pairs, 0 not exact

  holdout ADDRESS decision: PASS
  tp=1/1 fn=0 fp=0
  holdout SEMANTIC decision (isolated, never contributes to the above): PASS
  member_identity pass=1 fail=0
  wrote /home/test/zynq_fabricmap/build/tmpagx0for2/run_fixture/measurement.json
predictions: 66196925786e71702bdb677eaae0a3c5a605401bb88230b860809a59d2b7d200
staging:     83a86a48ac3b1610de4d65db367c0d2ff49d5cf0b2a60a07580654796c03c52e  2 specimens from build/tmpgey0nwdi/staging/staging_manifest.json

  results: 1 of 1 predictions scored
    mine     tp=   0 fn=   0 fp=   0  member_identity 0/0
    holdout  tp=   1 fn=   0 fp=   0  member_identity 1/1

  frames: 2 parse(s) over 2 specimens, cache 4, 0 eviction(s)
  pair accounting: 1 pairs, 0 not exact

  holdout ADDRESS decision: PASS
  tp=1/1 fn=0 fp=0
  holdout SEMANTIC decision (isolated, never contributes to the above): PASS
  member_identity pass=1 fail=0
  wrote /home/test/zynq_fabricmap/build/tmpgey0nwdi/run_fixture/measurement.json
predictions: 66196925786e71702bdb677eaae0a3c5a605401bb88230b860809a59d2b7d200
staging:     261e87a002bc6fb34d676924daa38165ab306b1f8b7a3d3aca3e55df7696d93a  2 specimens from build/tmpg_2c5v98/staging/staging_manifest.json

  results: 1 of 1 predictions scored
    mine     tp=   0 fn=   0 fp=   0  member_identity 0/0
    holdout  tp=   1 fn=   0 fp=   0  member_identity 1/1

  frames: 2 parse(s) over 2 specimens, cache 4, 0 eviction(s)
  pair accounting: 1 pairs, 0 not exact

  holdout ADDRESS decision: PASS
  tp=1/1 fn=0 fp=0
  holdout SEMANTIC decision (isolated, never contributes to the above): PASS
  member_identity pass=1 fail=0
  wrote /home/test/zynq_fabricmap/build/tmpg_2c5v98/run_fixture/measurement.json
CAPTURED slot 0 at 0x10100000: 101 words, 100 non-zero, sha256 6a63680c56281b86…
  evidence: /tmp/tmpy2xxjvm1/capture.json
CAPTURED slot 0 at 0x10100000: 101 words, 0 non-zero, sha256 0441772f66559a1c…
  evidence: /tmp/tmpilx1kn4g/capture.json
CAPTURED slot 0 at 0x10100000: 101 words, 0 non-zero, sha256 0441772f66559a1c…
  evidence: /tmp/tmp53ri_1lv/capture.json

MATRIX INCOMPLETE: 9 of 10 runs present (missing ['pinned/ce_tied/Default/c32'], extra [])

1. freedom reproduced under the current flow : True  nets=['qr1']
2. pinned flow route sets                    : 1 over 5 runs
3. nets moving after the freeze               : 0 run(s)
4. nets whose driver/sinks differ anywhere    : 0
5. six routable nets frozen in 5 pinned runs   : ok
6. three pad nets INTRASITE+empty in 9 runs  : ok

problems: 1
  matrix incomplete: 9/10 runs (missing ['pinned/ce_tied/Default/c32'], extra [])

Wording this may support, and no more: the routing freedom was reproduced and removed
on a NON-COMMITTED site of the same geometry. It is not evidence that the observed
SLICE_X25Y25 failure is repaired — that site was not built.

1. freedom reproduced under the current flow : True  nets=['qr1']
2. pinned flow route sets                    : 1 over 6 runs
3. nets moving after the freeze               : 0 run(s)
4. nets whose driver/sinks differ anywhere    : 0
5. six routable nets frozen in 6 pinned runs   : ok
6. three pad nets INTRASITE+empty in 10 runs  : ok

problems: 0

Wording this may support, and no more: the routing freedom was reproduced and removed
on a NON-COMMITTED site of the same geometry. It is not evidence that the observed
SLICE_X25Y25 failure is repaired — that site was not built.
test_a_manifest_sha_other_than_the_logs_refuses (test_b1_adjudicate.Binding.test_a_manifest_sha_other_than_the_logs_refuses) ... ok
test_a_preregistration_document_edited_after_the_freeze_refuses (test_b1_adjudicate.Binding.test_a_preregistration_document_edited_after_the_freeze_refuses) ... ok
test_draft_manifest_refuses (test_b1_adjudicate.Binding.test_draft_manifest_refuses) ... ok
test_every_binding_and_identity_field_is_checked (test_b1_adjudicate.Binding.test_every_binding_and_identity_field_is_checked) ... ok
test_the_committed_manifest_is_frozen_to_the_documents_bytes (test_b1_adjudicate.Binding.test_the_committed_manifest_is_frozen_to_the_documents_bytes)
The committed manifest's freeze binding only; its qualification state is not ... ok
test_the_default_refuses_without_a_qualification_record (test_b1_adjudicate.Binding.test_the_default_refuses_without_a_qualification_record) ... ok
test_the_logged_inputs_must_be_the_pinned_plan_prediction_and_pin_table (test_b1_adjudicate.Binding.test_the_logged_inputs_must_be_the_pinned_plan_prediction_and_pin_table) ... ok
test_a_complete_export_table_passes_and_an_incomplete_one_refuses (test_b1_adjudicate.Exports.test_a_complete_export_table_passes_and_an_incomplete_one_refuses) ... ok
test_a_missing_table_a_missing_status_key_and_a_drifted_file_refuse (test_b1_adjudicate.Exports.test_a_missing_table_a_missing_status_key_and_a_drifted_file_refuse) ... ok
test_the_manifest_structure_is_the_declared_schema_not_whatever_it_lists (test_b1_adjudicate.Exports.test_the_manifest_structure_is_the_declared_schema_not_whatever_it_lists)
The owner's v2.4.1 counter-example: console.log and its entry removed, everything ... ok
test_a_pin_table_that_drifted_after_preflight_is_refused (test_b1_adjudicate.Pins.test_a_pin_table_that_drifted_after_preflight_is_refused) ... ok
test_a_plan_that_drifted_after_preflight_is_refused (test_b1_adjudicate.Pins.test_a_plan_that_drifted_after_preflight_is_refused) ... ok
test_check_pins_refuses_a_wrong_plan_or_pins_table (test_b1_adjudicate.Pins.test_check_pins_refuses_a_wrong_plan_or_pins_table) ... ok
test_the_committed_pins_verify_through_the_entry_point (test_b1_adjudicate.Pins.test_the_committed_pins_verify_through_the_entry_point) ... ok
test_a_broken_schema_or_semantics_is_a_hold_from_the_entry_point (test_b1_adjudicate.Stage.test_a_broken_schema_or_semantics_is_a_hold_from_the_entry_point) ... ok
test_a_dropout_fabric_fails_recall_and_names_it (test_b1_adjudicate.Stage.test_a_dropout_fabric_fails_recall_and_names_it) ... ok
test_a_foreign_probe_fails_the_autonomy_replay (test_b1_adjudicate.Stage.test_a_foreign_probe_fails_the_autonomy_replay) ... ok
test_a_lying_commitment_and_a_wrong_block_field_are_holds (test_b1_adjudicate.Stage.test_a_lying_commitment_and_a_wrong_block_field_are_holds) ... ok
test_a_permuted_fabric_is_a_hold_named_by_the_verifier_and_the_prediction (test_b1_adjudicate.Stage.test_a_permuted_fabric_is_a_hold_named_by_the_verifier_and_the_prediction) ... ok
test_a_prediction_file_with_other_constants_is_a_finding (test_b1_adjudicate.Stage.test_a_prediction_file_with_other_constants_is_a_finding) ... ok
test_a_schema_finding_survives_to_the_outcome (test_b1_adjudicate.Stage.test_a_schema_finding_survives_to_the_outcome) ... ok
test_a_short_run_and_a_late_span_are_holds (test_b1_adjudicate.Stage.test_a_short_run_and_a_late_span_are_holds) ... ok
test_another_token_still_passes_because_the_prediction_is_content_level (test_b1_adjudicate.Stage.test_another_token_still_passes_because_the_prediction_is_content_level) ... ok
test_every_exact_metric_gate_fires_from_the_entry_point (test_b1_adjudicate.Stage.test_every_exact_metric_gate_fires_from_the_entry_point) ... ok
test_instrument_findings_propagate (test_b1_adjudicate.Stage.test_instrument_findings_propagate) ... ok
test_no_validator_is_a_hold_from_the_entry_point (test_b1_adjudicate.Stage.test_no_validator_is_a_hold_from_the_entry_point) ... ok
test_semantic_rules_name_every_illegal_shape (test_b1_adjudicate.Stage.test_semantic_rules_name_every_illegal_shape) ... ok
test_the_init_order_defect_is_caught_at_the_opening_record (test_b1_adjudicate.Stage.test_the_init_order_defect_is_caught_at_the_opening_record) ... ok
test_truth_session_passes_with_the_predicted_metrics (test_b1_adjudicate.Stage.test_truth_session_passes_with_the_predicted_metrics) ... ok
test_every_dependency_of_every_unit_is_recorded_with_its_current_hash (test_b1_build_evidence.Completeness.test_every_dependency_of_every_unit_is_recorded_with_its_current_hash) ... ok
test_schema_and_unit_lists_come_from_build_sh (test_b1_build_evidence.Completeness.test_schema_and_unit_lists_come_from_build_sh) ... ok
test_the_evidence_hashes_to_the_manifests_pin (test_b1_build_evidence.Completeness.test_the_evidence_hashes_to_the_manifests_pin) ... ok
test_siphash_and_b1_core_benches_pass (test_b1_carrier.Benches.test_siphash_and_b1_core_benches_pass) ... ok
test_build_json_and_bitstream (test_b1_carrier.BuildRecord.test_build_json_and_bitstream) ... ok
test_carrier_manifest_validates_and_matches (test_b1_carrier.BuildRecord.test_carrier_manifest_validates_and_matches) ... ok
test_carrier_files_are_the_instruments_imports (test_b1_carrier.CarrierSources.test_carrier_files_are_the_instruments_imports) ... ok
test_siphash_is_verbatim_and_the_gate_is_the_instruments_plus_the_parameter (test_b1_carrier.CarrierSources.test_siphash_is_verbatim_and_the_gate_is_the_instruments_plus_the_parameter) ... ok
test_read_allowlist_within_rtl_and_variant_present (test_b1_carrier.MmioAllowlist.test_read_allowlist_within_rtl_and_variant_present) ... ok
test_write_allowlist_within_rtl_and_only_the_key_window_beyond (test_b1_carrier.MmioAllowlist.test_write_allowlist_within_rtl_and_only_the_key_window_beyond) ... ok
test_a_permuted_fabric_is_a_hold (test_b1_e2e.Modelled.test_a_permuted_fabric_is_a_hold) ... ok
test_a_readout_the_boards_block_contradicts_is_named (test_b1_e2e.Modelled.test_a_readout_the_boards_block_contradicts_is_named) ... ok
test_served_words_that_do_not_recompute_are_a_kill (test_b1_e2e.Modelled.test_served_words_that_do_not_recompute_are_a_kill) ... ok
test_the_faulty_channel_still_completes (test_b1_e2e.Modelled.test_the_faulty_channel_still_completes) ... ok
test_truth_fabric_passes_end_to_end (test_b1_e2e.Modelled.test_truth_fabric_passes_end_to_end) ... ok
test_a_probe_refused_after_a_scored_baseline_ends_the_epoch (test_b1_hostapp.HostApp.test_a_probe_refused_after_a_scored_baseline_ends_the_epoch) ... ok
test_an_unacknowledged_refusal_record_stops_after_three_attempts (test_b1_hostapp.HostApp.test_an_unacknowledged_refusal_record_stops_after_three_attempts) ... ok
test_opening_baseline_refused_ends_the_epoch (test_b1_hostapp.HostApp.test_opening_baseline_refused_ends_the_epoch) ... ok
test_the_closing_baseline_mark_is_set_by_the_closing_baseline_only (test_b1_hostapp.HostApp.test_the_closing_baseline_mark_is_set_by_the_closing_baseline_only)
The owner's recheck of v2.3: the first version set S.closing_baseline at ANY scored ... ok
test_the_closing_baseline_refused_ends_the_epoch_without_the_closing_control (test_b1_hostapp.HostApp.test_the_closing_baseline_refused_ends_the_epoch_without_the_closing_control) ... ok
test_every_non_scored_record_emission_is_followed_by_the_stop (test_b1_hostapp.SourceAudit.test_every_non_scored_record_emission_is_followed_by_the_stop) ... ok
test_main_runs_the_three_named_session_steps (test_b1_hostapp.SourceAudit.test_main_runs_the_three_named_session_steps) ... ok
test_the_scored_bookkeeping_lives_in_note_scored_and_marks_the_closing_baseline_only_at_done (test_b1_hostapp.SourceAudit.test_the_scored_bookkeeping_lives_in_note_scored_and_marks_the_closing_baseline_only_at_done) ... ok
test_address_only_baseline_scores_nowhere_near_the_reference (test_b1_leakage.Behaviour.test_address_only_baseline_scores_nowhere_near_the_reference) ... ok
test_reference_follows_a_permuted_fixture_not_the_truth (test_b1_leakage.Behaviour.test_reference_follows_a_permuted_fixture_not_the_truth) ... ok
test_built_image_contains_no_table_strings (test_b1_leakage.HeaderAndSources.test_built_image_contains_no_table_strings) ... ok
test_cartographer_sources_include_only_the_pure_layer (test_b1_leakage.HeaderAndSources.test_cartographer_sources_include_only_the_pure_layer) ... ok
test_header_carries_no_operator_tables_and_declares_it (test_b1_leakage.HeaderAndSources.test_header_carries_no_operator_tables_and_declares_it) ... ok
test_header_is_fresh_from_the_generator (test_b1_leakage.HeaderAndSources.test_header_is_fresh_from_the_generator) ... ok
test_verbatim_imports_hash_to_the_archived_instrument (test_b1_leakage.Imports.test_verbatim_imports_hash_to_the_archived_instrument) ... ok
test_the_committed_table_matches_the_tree (test_b1_pins.Table.test_the_committed_table_matches_the_tree)
Fails whenever a pinned file was edited after `b1_pins.py --generate` — the ... ok
test_the_generated_table_covers_the_critical_files (test_b1_pins.Table.test_the_generated_table_covers_the_critical_files) ... ok
test_verify_refuses_every_drift (test_b1_pins.Table.test_verify_refuses_every_drift) ... ok
test_budget_audit_and_deadline (test_b1_plan.CommittedPlan.test_budget_audit_and_deadline) ... ok
test_compatibility_drift_is_a_refusal (test_b1_plan.CommittedPlan.test_compatibility_drift_is_a_refusal) ... ok
test_pins (test_b1_plan.CommittedPlan.test_pins) ... ok
test_plan_regenerates_identically (test_b1_plan.CommittedPlan.test_plan_regenerates_identically) ... ok
test_prediction_is_the_reference_over_the_truth (test_b1_plan.CommittedPlan.test_prediction_is_the_reference_over_the_truth) ... ok
test_pins_seed_and_shape (test_b1_plan.QualificationPlan.test_pins_seed_and_shape) ... ok
test_regenerates_identically (test_b1_plan.QualificationPlan.test_regenerates_identically) ... ok
test_the_qualification_seed_does_not_feed_b1s_derivation (test_b1_plan.QualificationPlan.test_the_qualification_seed_does_not_feed_b1s_derivation)
B1's seed rule advances over the pinned exclusions; the qualification seed is ... ok
test_every_earlier_seed_is_excluded (test_b1_plan.SeedRule.test_every_earlier_seed_is_excluded) ... ok
test_rule_and_advancing (test_b1_plan.SeedRule.test_rule_and_advancing) ... ok
test_a_b1q_log_carrying_the_mapping_inputs_is_refused (test_b1_qualification.Chain.test_a_b1q_log_carrying_the_mapping_inputs_is_refused) ... ok
test_a_failed_archive_leaves_no_executable_ruling_behind (test_b1_qualification.Chain.test_a_failed_archive_leaves_no_executable_ruling_behind) ... ok
test_a_preregistration_document_edited_after_the_qualification_breaks_the_chain (test_b1_qualification.Chain.test_a_preregistration_document_edited_after_the_qualification_breaks_the_chain)
The owner's pure-model reproduction: after the freeze only the document changes; ... ok
test_a_qualification_that_holds_is_recorded_as_such_and_never_qualifies (test_b1_qualification.Chain.test_a_qualification_that_holds_is_recorded_as_such_and_never_qualifies) ... ok
test_a_session_run_before_the_freeze_never_qualifies (test_b1_qualification.Chain.test_a_session_run_before_the_freeze_never_qualifies) ... ok
test_a_tampered_evidence_file_breaks_the_chain (test_b1_qualification.Chain.test_a_tampered_evidence_file_breaks_the_chain) ... ok
test_a_tampered_ruling_or_manifest_copy_or_summary_breaks_the_chain (test_b1_qualification.Chain.test_a_tampered_ruling_or_manifest_copy_or_summary_breaks_the_chain) ... ok
test_an_envelope_re_armed_with_ruling_fields_is_refused_even_when_every_hash_is_updated (test_b1_qualification.Chain.test_an_envelope_re_armed_with_ruling_fields_is_refused_even_when_every_hash_is_updated)
The owner's counter-example: the decoded ruling fields re-added at the envelope's ... ok
test_archiving_refuses_a_ruling_that_differs_from_the_parsed_one (test_b1_qualification.Chain.test_archiving_refuses_a_ruling_that_differs_from_the_parsed_one) ... ok
test_every_break_in_the_chain_refuses (test_b1_qualification.Chain.test_every_break_in_the_chain_refuses) ... ok
test_summary_must_name_the_archived_ruling_and_the_provisioning_digest (test_b1_qualification.Chain.test_summary_must_name_the_archived_ruling_and_the_provisioning_digest) ... ok
test_the_archived_rulings_are_inert_envelopes_that_no_parser_accepts (test_b1_qualification.Chain.test_the_archived_rulings_are_inert_envelopes_that_no_parser_accepts)
A verbatim copy would be a second, unconsumed authorisation (owner's review ... ok
test_the_b1q_adjudicator_refuses_the_mapping_plan_and_the_wrong_session (test_b1_qualification.Chain.test_the_b1q_adjudicator_refuses_the_mapping_plan_and_the_wrong_session) ... ok
test_the_gate_observations_are_required_record_by_record (test_b1_qualification.Chain.test_the_gate_observations_are_required_record_by_record) ... ok
test_the_mapping_adjudicator_accepts_the_carrier_only_through_the_chain (test_b1_qualification.Chain.test_the_mapping_adjudicator_accepts_the_carrier_only_through_the_chain) ... ok
test_the_modelled_qualification_session_passes_with_the_silicon_observations (test_b1_qualification.Chain.test_the_modelled_qualification_session_passes_with_the_silicon_observations) ... ok
test_verify_readjudicates_and_the_flag_is_derived (test_b1_qualification.Chain.test_verify_readjudicates_and_the_flag_is_derived) ... ok
test_freeze_b1q_pin_mapping_preflight (test_b1_qualification.Lifecycle.test_freeze_b1q_pin_mapping_preflight) ... ok
test_the_instruments_l5_validate_run_log_is_not_a_b1_path (test_b1_records.LegacyPath.test_the_instruments_l5_validate_run_log_is_not_a_b1_path) ... ok
test_every_other_rule_is_the_instruments (test_b1_records.RuleThreeB1.test_every_other_rule_is_the_instruments) ... ok
test_readout_shape_is_still_checked (test_b1_records.RuleThreeB1.test_readout_shape_is_still_checked) ... ok
test_the_b1_validator_accepts_the_zero_table_reply_with_any_readout (test_b1_records.RuleThreeB1.test_the_b1_validator_accepts_the_zero_table_reply_with_any_readout) ... ok
test_the_instrument_accepts_its_own_record_and_the_b1_validator_refuses_it_as_attested (test_b1_records.RuleThreeB1.test_the_instrument_accepts_its_own_record_and_the_b1_validator_refuses_it_as_attested) ... ok
test_an_archive_failure_consumes_nothing_and_opens_nothing (test_b1_runner.Order.test_an_archive_failure_consumes_nothing_and_opens_nothing) ... ok
test_archive_precedes_claim_precedes_port_precedes_session (test_b1_runner.Order.test_archive_precedes_claim_precedes_port_precedes_session) ... ok
test_the_session_function_refuses_without_the_archived_artifacts (test_b1_runner.Order.test_the_session_function_refuses_without_the_archived_artifacts) ... ok
test_a_draft_manifest_refuses_before_any_pin (test_b1_runner.RefusalOrder.test_a_draft_manifest_refuses_before_any_pin) ... ok
test_a_qualification_bound_to_another_carrier_or_with_tampered_evidence_refuses (test_b1_runner.RefusalOrder.test_a_qualification_bound_to_another_carrier_or_with_tampered_evidence_refuses) ... ok
test_bind_ruling_checks_every_field (test_b1_runner.RefusalOrder.test_bind_ruling_checks_every_field) ... ok
test_frozen_and_board_ready_but_the_carrier_is_not_qualified (test_b1_runner.RefusalOrder.test_frozen_and_board_ready_but_the_carrier_is_not_qualified) ... ok
test_frozen_but_a_carrier_pin_is_wrong (test_b1_runner.RefusalOrder.test_frozen_but_a_carrier_pin_is_wrong) ... ok
test_frozen_but_not_board_ready (test_b1_runner.RefusalOrder.test_frozen_but_not_board_ready) ... ok
test_frozen_but_the_boundary_record_is_stale (test_b1_runner.RefusalOrder.test_frozen_but_the_boundary_record_is_stale) ... ok
test_frozen_but_the_build_evidence_pin_is_wrong (test_b1_runner.RefusalOrder.test_frozen_but_the_build_evidence_pin_is_wrong) ... ok
test_frozen_but_the_image_is_not_the_pinned_bytes (test_b1_runner.RefusalOrder.test_frozen_but_the_image_is_not_the_pinned_bytes) ... ok
test_frozen_but_the_pin_table_is_wrong_or_missing (test_b1_runner.RefusalOrder.test_frozen_but_the_pin_table_is_wrong_or_missing) ... ok
test_frozen_but_the_plan_pin_is_wrong (test_b1_runner.RefusalOrder.test_frozen_but_the_plan_pin_is_wrong) ... ok
test_frozen_but_the_ruling_is_bound_to_another_seed_or_manifest (test_b1_runner.RefusalOrder.test_frozen_but_the_ruling_is_bound_to_another_seed_or_manifest) ... ok
test_identity_check_names_every_mismatch (test_b1_runner.RefusalOrder.test_identity_check_names_every_mismatch) ... ok
test_the_committed_manifest_is_frozen_to_the_documents_bytes_and_board_ready (test_b1_runner.RefusalOrder.test_the_committed_manifest_is_frozen_to_the_documents_bytes_and_board_ready)
Since the owner's freeze (2026-09-06) the committed manifest is FROZEN and ... ok
test_the_profiles_are_distinct_and_the_b1q_runner_is_the_qualification_profile (test_b1_runner.RefusalOrder.test_the_profiles_are_distinct_and_the_b1q_runner_is_the_qualification_profile) ... ok
test_the_qualification_profile_needs_no_qualification_but_its_own_plan_and_rulings (test_b1_runner.RefusalOrder.test_the_qualification_profile_needs_no_qualification_but_its_own_plan_and_rulings) ... ok
test_wrong_ruling_text_and_missing_provisioning (test_b1_runner.RefusalOrder.test_wrong_ruling_text_and_missing_provisioning) ... ok
test_an_unscored_probe_ends_the_session_without_a_closing_baseline (test_b1_session.Session.test_an_unscored_probe_ends_the_session_without_a_closing_baseline)
As b1_app.c main: a candidate that was not SCORED ends the epoch; the records stop ... ok
test_binding_changes_the_map_hash_but_not_the_content (test_b1_session.Session.test_binding_changes_the_map_hash_but_not_the_content) ... ok
test_fixtures_and_budgets (test_b1_session.Session.test_fixtures_and_budgets) ... ok
test_opening_record_commits_to_the_initialised_bound_state (test_b1_session.Session.test_opening_record_commits_to_the_initialised_bound_state)
The regression for the init-order defect: the opening block's hash is the hash of a ... ok
test_whole_session_matches_record_for_record (test_b1_session.Session.test_whole_session_matches_record_for_record) ... ok
test_a_completed_end_without_a_valid_term_is_never_synthesised (test_b1_session_finalize.CollectorSummary.test_a_completed_end_without_a_valid_term_is_never_synthesised) ... ok
test_crashed_uses_the_instruments_crashed_summary_and_a_missing_end_is_crashed (test_b1_session_finalize.CollectorSummary.test_crashed_uses_the_instruments_crashed_summary_and_a_missing_end_is_crashed) ... ok
test_protocol_and_stopped_keep_their_kind_and_claim_no_closing (test_b1_session_finalize.CollectorSummary.test_protocol_and_stopped_keep_their_kind_and_claim_no_closing) ... ok
test_a_console_loop_that_ends_without_an_epoch_end_finalizes_as_crashed (test_b1_session_finalize.EarlyFailure.test_a_console_loop_that_ends_without_an_epoch_end_finalizes_as_crashed) ... ok
test_a_host_exception_at_the_console_exports_what_exists_and_keeps_the_primary_cause (test_b1_session_finalize.EarlyFailure.test_a_host_exception_at_the_console_exports_what_exists_and_keeps_the_primary_cause)
The REAL run(): the preamble succeeds against a fake board, the console exists, ... ok
test_a_precheck_failure_leaves_a_summary_with_the_primary_cause_and_no_console (test_b1_session_finalize.EarlyFailure.test_a_precheck_failure_leaves_a_summary_with_the_primary_cause_and_no_console) ... ok
test_a_protocol_end_seen_by_the_console_then_a_host_exception_keeps_the_protocol_cause (test_b1_session_finalize.EarlyFailure.test_a_protocol_end_seen_by_the_console_then_a_host_exception_keeps_the_protocol_cause)
The session-1 shape through the REAL run(): the collector ended PROTOCOL, then the ... ok
test_a_failed_raw_console_export_is_a_hold_and_the_adjudicator_refuses (test_b1_session_finalize.Finalization.test_a_failed_raw_console_export_is_a_hold_and_the_adjudicator_refuses)
The owner's counter-example: an OSError injected only into console.log's write. ... ok
test_a_missing_export_status_key_is_incomplete (test_b1_session_finalize.Finalization.test_a_missing_export_status_key_is_incomplete) ... ok
test_a_protocol_end_without_term_exports_everything_with_the_collectors_summary (test_b1_session_finalize.Finalization.test_a_protocol_end_without_term_exports_everything_with_the_collectors_summary)
B1Q session 1 reproduced: budget 2, both controls, one corrupt TERM → PROTOCOL at ... ok
test_an_incomplete_export_is_a_hold_and_named (test_b1_session_finalize.Finalization.test_an_incomplete_export_is_a_hold_and_named) ... ok
test_completed_objects_finalize_to_pass_through_the_real_adjudicator (test_b1_session_finalize.Finalization.test_completed_objects_finalize_to_pass_through_the_real_adjudicator) ... ok
test_each_enrichment_failure_keeps_the_base_data_and_is_a_partial_hold (test_b1_session_finalize.Finalization.test_each_enrichment_failure_keeps_the_base_data_and_is_a_partial_hold)
Timing, the notary rendering, each ledger renderer, the summary construction: the ... ok
test_export_evidence_survives_a_failing_export_and_names_it (test_b1_session_finalize.Finalization.test_export_evidence_survives_a_failing_export_and_names_it) ... ok
test_finalize_records_an_adjudicator_error_with_the_evidence_on_disk (test_b1_session_finalize.Finalization.test_finalize_records_an_adjudicator_error_with_the_evidence_on_disk) ... ok
test_a_seal_failure_in_the_normal_finalizer_is_a_hold_with_no_adjudication (test_b1_session_finalize.Seal.test_a_seal_failure_in_the_normal_finalizer_is_a_hold_with_no_adjudication) ... ok
test_a_seal_failure_on_the_exceptional_run_path_keeps_the_causes_and_persists_the_summary (test_b1_session_finalize.Seal.test_a_seal_failure_on_the_exceptional_run_path_keeps_the_causes_and_persists_the_summary)
The REAL run(): a host exception in the console loop AND the seal failing in the ... ok
test_a_seal_failure_on_the_reader_only_path_before_the_console (test_b1_session_finalize.Seal.test_a_seal_failure_on_the_reader_only_path_before_the_console)
The reader exists (`go` was sent), the console's construction raises: the raw ... ok
test_the_real_b1q_adjudicator_refuses_a_manifest_that_omits_a_raw_file (test_b1_session_finalize.Seal.test_the_real_b1q_adjudicator_refuses_a_manifest_that_omits_a_raw_file) ... ok
test_the_summary_write_falls_back_and_still_lands (test_b1_session_finalize.Seal.test_the_summary_write_falls_back_and_still_lands) ... ok
test_probe_names_the_contract (test_b1_signer.Signer.test_probe_names_the_contract) ... ok
test_semantic_oracle_is_never_loaded_and_sign_op_is_absent (test_b1_signer.Signer.test_semantic_oracle_is_never_loaded_and_sign_op_is_absent) ... ok
test_sign_genome_gives_zero_tables_and_a_tag_over_them (test_b1_signer.Signer.test_sign_genome_gives_zero_tables_and_a_tag_over_them) ... ok
test_unwritable_genome_is_refused_as_data (test_b1_signer.Signer.test_unwritable_genome_is_refused_as_data) ... ok
test_both_controls_plus_a_corrupt_term_then_the_valid_retransmission_pass_under_budget_4 (test_b1_transport.Transport.test_both_controls_plus_a_corrupt_term_then_the_valid_retransmission_pass_under_budget_4) ... ok
test_crc_exhaustion_at_the_fifth_drop_with_budget_4 (test_b1_transport.Transport.test_crc_exhaustion_at_the_fifth_drop_with_budget_4) ... ok
test_malformed_frame_exhaustion_at_the_third_bad_frame_with_budget_2 (test_b1_transport.Transport.test_malformed_frame_exhaustion_at_the_third_bad_frame_with_budget_2) ... ok
test_the_b1q_plan_budgets_are_noise_plus_the_forced_controls (test_b1_transport.Transport.test_the_b1q_plan_budgets_are_noise_plus_the_forced_controls) ... ok
test_the_mapping_budgets_plan_prediction_and_frozen_preregistration_are_unchanged (test_b1_transport.Transport.test_the_mapping_budgets_plan_prediction_and_frozen_preregistration_are_unchanged) ... ok
test_the_same_scenario_under_the_session_1_budget_is_the_session_1_loss (test_b1_transport.Transport.test_the_same_scenario_under_the_session_1_budget_is_the_session_1_loss) ... ok
test_c_rng_equals_the_reference (test_b1_twin.RngTwin.test_c_rng_equals_the_reference) ... ok
test_reference_rng_equals_the_instruments (test_b1_twin.RngTwin.test_reference_rng_equals_the_instruments) ... ok
test_budget_ends_in_every_phase (test_b1_twin.Twin.test_budget_ends_in_every_phase) ... ok
test_permuted_dropout_interaction_fixtures (test_b1_twin.Twin.test_permuted_dropout_interaction_fixtures) ... ok
test_same_seed_replays_bit_for_bit (test_b1_twin.Twin.test_same_seed_replays_bit_for_bit) ... ok
test_truth_full_budget (test_b1_twin.Twin.test_truth_full_budget) ... ok
test_two_seeds_differ_only_in_the_rng_drawn_orders (test_b1_twin.Twin.test_two_seeds_differ_only_in_the_rng_drawn_orders) ... ok
test_unscored_probes_in_every_phase (test_b1_twin.Twin.test_unscored_probes_in_every_phase) ... ok
test_identity_1_4_0_is_accepted_and_carries_the_b1_fields (test_b1_wire.Wire.test_identity_1_4_0_is_accepted_and_carries_the_b1_fields) ... ok
test_loop_record_1_2_0_with_carto_is_accepted (test_b1_wire.Wire.test_loop_record_1_2_0_with_carto_is_accepted) ... ok
test_the_bytes_fit_the_boards_payload_buffer (test_b1_wire.Wire.test_the_bytes_fit_the_boards_payload_buffer) ... ok
test_no_production_console_module_writes_a_bare_cr (test_bare_cr_regression.ProbeOpenTransmitsNothing.test_no_production_console_module_writes_a_bare_cr)
A lone CR is never a command — its meaning is whatever was typed last. ... ok
test_no_production_module_sends_an_EMPTY_command_line (test_bare_cr_regression.ProbeOpenTransmitsNothing.test_no_production_module_sends_an_EMPTY_command_line)
The subtler form of the same bug, and the one that hid the longest. ... ok
test_open_has_no_send_cr_switch_left_to_turn_back_on (test_bare_cr_regression.ProbeOpenTransmitsNothing.test_open_has_no_send_cr_switch_left_to_turn_back_on) ... ok
test_open_writes_nothing_at_all (test_bare_cr_regression.ProbeOpenTransmitsNothing.test_open_writes_nothing_at_all) ... ok
test_the_settle_keeps_what_arrives_and_cmd_keeps_it_too (test_bare_cr_regression.ProbeOpenTransmitsNothing.test_the_settle_keeps_what_arrives_and_cmd_keeps_it_too)
Both flush windows must read before they purge, or a cause vanishes again. ... ok
test_the_sync_is_a_named_harmless_command (test_bare_cr_regression.ProbeOpenTransmitsNothing.test_the_sync_is_a_named_harmless_command) ... ok
test_refusing_is_deliberate_not_an_oversight (test_bare_cr_regression.TheRepeatLandsOnAnAddressTheCarrierRefuses.test_refusing_is_deliberate_not_an_oversight)
If this ever becomes a stall instead, the failure mode changes completely. ... ok
test_that_address_is_outside_every_window_the_carrier_decodes (test_bare_cr_regression.TheRepeatLandsOnAnAddressTheCarrierRefuses.test_that_address_is_outside_every_window_the_carrier_decodes) ... ok
test_the_repeat_of_a_fault_read_targets_fault_plus_four (test_bare_cr_regression.TheRepeatLandsOnAnAddressTheCarrierRefuses.test_the_repeat_of_a_fault_read_targets_fault_plus_four)
`md.l <FAULT> 1` prints one 4-byte word, so the repeat starts one word on. ... ok
test_the_rtl_answers_slverr_for_an_unmapped_register_read (test_bare_cr_regression.TheRepeatLandsOnAnAddressTheCarrierRefuses.test_the_rtl_answers_slverr_for_an_unmapped_register_read) ... ok
test_it_says_e_and_f_were_never_run_and_why_they_were_insufficient (test_bare_cr_regression.TheSupersededExperimentStaysSuperseded.test_it_says_e_and_f_were_never_run_and_why_they_were_insufficient) ... ok
test_the_factorial_refuses_to_run (test_bare_cr_regression.TheSupersededExperimentStaysSuperseded.test_the_factorial_refuses_to_run) ... board_probe_reopen_factorial.py is superseded and must not be run. The reopen restart is explained in source: a bare CR repeats `md` at the auto-incremented address, the carrier answers SLVERR, and U-Boot's abort path resets the CPU. Probe now transmits nothing on open. Conditions E and F were never run and their design was insufficient — the command preceding every close here was `printenv plmark`, so repeating it is harmless and the historical precondition was absent.
ok
test_a_data_abort_reaches_panic (test_bare_cr_regression.UBootRepeatsTheLastCommand.test_a_data_abort_reaches_panic) ... ok
test_md_is_declared_repeatable (test_bare_cr_regression.UBootRepeatsTheLastCommand.test_md_is_declared_repeatable)
The third U_BOOT_CMD column is `repeatable`; a 0 there would break the chain. ... ok
test_md_resumes_from_the_advanced_address (test_bare_cr_regression.UBootRepeatsTheLastCommand.test_md_resumes_from_the_advanced_address) ... ok
test_panic_resets_rather_than_hanging_in_this_build (test_bare_cr_regression.UBootRepeatsTheLastCommand.test_panic_resets_rather_than_hanging_in_this_build) ... ok
test_a_bare_manifest_dict_is_refused (test_board_carrier_exec.ManifestAuthorityTests.test_a_bare_manifest_dict_is_refused)
The reviewer's reproduction used exactly this: pass a copy of the manifest and ... skipped 'no published authority in this tree: the carrier run is not a published authority: 1 tracked file(s) differ from HEAD in the working tree or the index, so this verdict would describe an edited copy rather than what is published'
test_a_candidate_the_host_gate_refuses_never_reaches_the_wire (test_board_carrier_exec.ManifestAuthorityTests.test_a_candidate_the_host_gate_refuses_never_reaches_the_wire) ... skipped 'no published authority in this tree: the carrier run is not a published authority: 1 tracked file(s) differ from HEAD in the working tree or the index, so this verdict would describe an edited copy rather than what is published'
test_a_manifest_disagreeing_with_the_fixed_bounds_never_reaches_the_wire (test_board_carrier_exec.ManifestAuthorityTests.test_a_manifest_disagreeing_with_the_fixed_bounds_never_reaches_the_wire) ... skipped 'no published authority in this tree: the carrier run is not a published authority: 1 tracked file(s) differ from HEAD in the working tree or the index, so this verdict would describe an edited copy rather than what is published'
test_a_payload_mutated_after_sealing_is_refused (test_board_carrier_exec.ManifestAuthorityTests.test_a_payload_mutated_after_sealing_is_refused) ... skipped 'no published authority in this tree: the carrier run is not a published authority: 1 tracked file(s) differ from HEAD in the working tree or the index, so this verdict would describe an edited copy rather than what is published'
test_a_sealed_payload_cannot_be_built_from_a_path (test_board_carrier_exec.ManifestAuthorityTests.test_a_sealed_payload_cannot_be_built_from_a_path) ... skipped 'no published authority in this tree: the carrier run is not a published authority: 1 tracked file(s) differ from HEAD in the working tree or the index, so this verdict would describe an edited copy rather than what is published'
test_a_widened_whitelist_with_a_correct_ecc_puts_nothing_on_the_wire (test_board_carrier_exec.ManifestAuthorityTests.test_a_widened_whitelist_with_a_correct_ecc_puts_nothing_on_the_wire)
The fixed FAR/FDRI guard agrees — it does not look at content — so the only ... skipped 'no published authority in this tree: the carrier run is not a published authority: 1 tracked file(s) differ from HEAD in the working tree or the index, so this verdict would describe an edited copy rather than what is published'
test_forged_bytes_do_not_survive_the_compiled_in_digest (test_board_carrier_exec.ManifestAuthorityTests.test_forged_bytes_do_not_survive_the_compiled_in_digest)
Even with the capability, which is the layer above this one. ... skipped 'no published authority in this tree: the carrier run is not a published authority: 1 tracked file(s) differ from HEAD in the working tree or the index, so this verdict would describe an edited copy rather than what is published'
test_load_refuses_a_run_that_is_not_heads (test_board_carrier_exec.ManifestAuthorityTests.test_load_refuses_a_run_that_is_not_heads)
A copy outside any repository agrees with itself perfectly. ... skipped 'no published authority in this tree: the carrier run is not a published authority: 1 tracked file(s) differ from HEAD in the working tree or the index, so this verdict would describe an edited copy rather than what is published'
test_mutating_a_pinned_base_frame_cannot_reach_the_next_use (test_board_carrier_exec.ManifestAuthorityTests.test_mutating_a_pinned_base_frame_cannot_reach_the_next_use)
The pinned base is as load-bearing as the whitelist: everything outside the 292 ... skipped 'no published authority in this tree: the carrier run is not a published authority: 1 tracked file(s) differ from HEAD in the working tree or the index, so this verdict would describe an edited copy rather than what is published'
test_mutating_a_returned_manifest_cannot_reach_the_next_use (test_board_carrier_exec.ManifestAuthorityTests.test_mutating_a_returned_manifest_cannot_reach_the_next_use)
The second bypass: `.manifest` used to return the internal dict, so a caller ... skipped 'no published authority in this tree: the carrier run is not a published authority: 1 tracked file(s) differ from HEAD in the working tree or the index, so this verdict would describe an edited copy rather than what is published'
test_the_authority_cannot_be_constructed_directly (test_board_carrier_exec.ManifestAuthorityTests.test_the_authority_cannot_be_constructed_directly) ... skipped 'no published authority in this tree: the carrier run is not a published authority: 1 tracked file(s) differ from HEAD in the working tree or the index, so this verdict would describe an edited copy rather than what is published'
test_the_bytes_gated_are_the_bytes_sent (test_board_carrier_exec.ManifestAuthorityTests.test_the_bytes_gated_are_the_bytes_sent)
The whole point: one buffer, and the digest of what went out equals the digest ... skipped 'no published authority in this tree: the carrier run is not a published authority: 1 tracked file(s) differ from HEAD in the working tree or the index, so this verdict would describe an edited copy rather than what is published'
test_the_guard_runs_before_the_wire_not_after (test_board_carrier_exec.ManifestAuthorityTests.test_the_guard_runs_before_the_wire_not_after)
Ordering is the property: a guard that ran after transmission would be a report, ... skipped 'no published authority in this tree: the carrier run is not a published authority: 1 tracked file(s) differ from HEAD in the working tree or the index, so this verdict would describe an edited copy rather than what is published'
test_the_no_op_candidate_reaches_the_wire (test_board_carrier_exec.ManifestAuthorityTests.test_the_no_op_candidate_reaches_the_wire) ... skipped 'no published authority in this tree: the carrier run is not a published authority: 1 tracked file(s) differ from HEAD in the working tree or the index, so this verdict would describe an edited copy rather than what is published'
test_the_transport_opens_no_file_between_the_gate_and_the_wire (test_board_carrier_exec.ManifestAuthorityTests.test_the_transport_opens_no_file_between_the_gate_and_the_wire)
A path re-read is offline diagnosis only. If `run_candidate` ever opens ... skipped 'no published authority in this tree: the carrier run is not a published authority: 1 tracked file(s) differ from HEAD in the working tree or the index, so this verdict would describe an edited copy rather than what is published'
test_a_session_with_no_transaction_is_refused (test_board_carrier_exec.ProductionEntrypointTests.test_a_session_with_no_transaction_is_refused) ... skipped 'no published authority in this tree: the carrier run is not a published authority: 1 tracked file(s) differ from HEAD in the working tree or the index, so this verdict would describe an edited copy rather than what is published'
test_a_stale_transaction_from_an_earlier_candidate_is_refused (test_board_carrier_exec.ProductionEntrypointTests.test_a_stale_transaction_from_an_earlier_candidate_is_refused)
The failure this closes: the write raised nothing, the session still holds the ... skipped 'no published authority in this tree: the carrier run is not a published authority: 1 tracked file(s) differ from HEAD in the working tree or the index, so this verdict would describe an edited copy rather than what is published'
test_the_readback_comes_back_through_the_session (test_board_carrier_exec.ProductionEntrypointTests.test_the_readback_comes_back_through_the_session) ... skipped 'no published authority in this tree: the carrier run is not a published authority: 1 tracked file(s) differ from HEAD in the working tree or the index, so this verdict would describe an edited copy rather than what is published'
test_an_unauthorised_session_writes_nothing (test_board_carrier_exec.SessionBindingTests.test_an_unauthorised_session_writes_nothing) ... ok
test_it_authorises_on_the_same_session_before_writing (test_board_carrier_exec.SessionBindingTests.test_it_authorises_on_the_same_session_before_writing) ... ok
test_a_candidate_the_host_gate_refuses_never_reaches_the_wire (test_board_carrier_exec.WiringTests.test_a_candidate_the_host_gate_refuses_never_reaches_the_wire) ... skipped 'no published authority in this tree: the carrier run is not a published authority: 1 tracked file(s) differ from HEAD in the working tree or the index, so this verdict would describe an edited copy rather than what is published'
test_a_manifest_disagreeing_with_the_fixed_bounds_never_reaches_the_wire (test_board_carrier_exec.WiringTests.test_a_manifest_disagreeing_with_the_fixed_bounds_never_reaches_the_wire) ... skipped 'no published authority in this tree: the carrier run is not a published authority: 1 tracked file(s) differ from HEAD in the working tree or the index, so this verdict would describe an edited copy rather than what is published'
test_a_payload_mutated_after_sealing_is_refused (test_board_carrier_exec.WiringTests.test_a_payload_mutated_after_sealing_is_refused) ... skipped 'no published authority in this tree: the carrier run is not a published authority: 1 tracked file(s) differ from HEAD in the working tree or the index, so this verdict would describe an edited copy rather than what is published'
test_a_sealed_payload_cannot_be_built_from_a_path (test_board_carrier_exec.WiringTests.test_a_sealed_payload_cannot_be_built_from_a_path) ... skipped 'no published authority in this tree: the carrier run is not a published authority: 1 tracked file(s) differ from HEAD in the working tree or the index, so this verdict would describe an edited copy rather than what is published'
test_the_bytes_gated_are_the_bytes_sent (test_board_carrier_exec.WiringTests.test_the_bytes_gated_are_the_bytes_sent)
The whole point: one buffer, and the digest of what went out equals the digest ... skipped 'no published authority in this tree: the carrier run is not a published authority: 1 tracked file(s) differ from HEAD in the working tree or the index, so this verdict would describe an edited copy rather than what is published'
test_the_guard_runs_before_the_wire_not_after (test_board_carrier_exec.WiringTests.test_the_guard_runs_before_the_wire_not_after)
Ordering is the property: a guard that ran after transmission would be a report, ... skipped 'no published authority in this tree: the carrier run is not a published authority: 1 tracked file(s) differ from HEAD in the working tree or the index, so this verdict would describe an edited copy rather than what is published'
test_the_no_op_candidate_reaches_the_wire (test_board_carrier_exec.WiringTests.test_the_no_op_candidate_reaches_the_wire) ... skipped 'no published authority in this tree: the carrier run is not a published authority: 1 tracked file(s) differ from HEAD in the working tree or the index, so this verdict would describe an edited copy rather than what is published'
test_the_transport_opens_no_file_between_the_gate_and_the_wire (test_board_carrier_exec.WiringTests.test_the_transport_opens_no_file_between_the_gate_and_the_wire)
A path re-read is offline diagnosis only. If `run_candidate` ever opens ... skipped 'no published authority in this tree: the carrier run is not a published authority: 1 tracked file(s) differ from HEAD in the working tree or the index, so this verdict would describe an edited copy rather than what is published'
test_a_manifest_enlarging_the_envelope_is_refused (test_board_carrier_guard.ManifestAgreementTests.test_a_manifest_enlarging_the_envelope_is_refused) ... ok
test_a_manifest_moving_a_flush_far_is_refused (test_board_carrier_guard.ManifestAgreementTests.test_a_manifest_moving_a_flush_far_is_refused) ... ok
test_a_manifest_offering_an_extra_far_is_refused (test_board_carrier_guard.ManifestAgreementTests.test_a_manifest_offering_an_extra_far_is_refused)
The manifest is not allowed to supply the bounds — that would make it the very ... ok
test_the_published_manifest_agrees_with_the_fixed_bounds (test_board_carrier_guard.ManifestAgreementTests.test_the_published_manifest_agrees_with_the_fixed_bounds) ... ok
test_no_environment_variable_reaches_a_bound (test_board_carrier_guard.NoOverrideTests.test_no_environment_variable_reaches_a_bound)
`icaphw.c` took ICAPHW_FAR_LO/HI/MAX_FDRI from the environment. That pattern is ... ok
test_the_cli_exposes_nothing_that_widens_a_bound (test_board_carrier_guard.NoOverrideTests.test_the_cli_exposes_nothing_that_widens_a_bound) ... ok
test_a_failing_restore_is_reported_and_does_not_mask_the_original (test_board_carrier_guard.PcapPrTests.test_a_failing_restore_is_reported_and_does_not_mask_the_original) ... ok
test_it_hands_icap_to_the_pl_and_gives_it_back (test_board_carrier_guard.PcapPrTests.test_it_hands_icap_to_the_pl_and_gives_it_back) ... ok
test_it_restores_on_the_failure_path (test_board_carrier_guard.PcapPrTests.test_it_restores_on_the_failure_path) ... ok
test_a_far_outside_the_fixed_set_is_refused (test_board_carrier_guard.SequenceGuardTests.test_a_far_outside_the_fixed_set_is_refused) ... ok
test_a_permitted_far_in_the_wrong_envelope_is_refused (test_board_carrier_guard.SequenceGuardTests.test_a_permitted_far_in_the_wrong_envelope_is_refused)
Membership is not enough: each envelope has ONE fixed FAR. ... ok
test_a_second_far_write_in_one_envelope_is_refused (test_board_carrier_guard.SequenceGuardTests.test_a_second_far_write_in_one_envelope_is_refused) ... ok
test_a_short_fdri_is_refused (test_board_carrier_guard.SequenceGuardTests.test_a_short_fdri_is_refused)
Every candidate rewrites all five frames; a shorter burst leaves some frame ... ok
test_a_truncated_sequence_is_refused (test_board_carrier_guard.SequenceGuardTests.test_a_truncated_sequence_is_refused) ... ok
test_a_write_to_another_register_is_refused (test_board_carrier_guard.SequenceGuardTests.test_a_write_to_another_register_is_refused)
MASK, or anything else the fixed guard has no business permitting. ... ok
test_an_over_long_fdri_is_refused (test_board_carrier_guard.SequenceGuardTests.test_an_over_long_fdri_is_refused) ... ok
test_the_guard_takes_bytes_not_a_path (test_board_carrier_guard.SequenceGuardTests.test_the_guard_takes_bytes_not_a_path)
§3b's chain breaks if anything re-reads the file between the gate and the wire: ... ok
test_the_real_sequence_is_permitted (test_board_carrier_guard.SequenceGuardTests.test_the_real_sequence_is_permitted) ... ok
test_a_uboot_identity_authorises_a_uboot_write (test_board_identity.ControlPlaneTests.test_a_uboot_identity_authorises_a_uboot_write) ... ok
test_a_uboot_identity_does_not_authorise_a_linux_write (test_board_identity.ControlPlaneTests.test_a_uboot_identity_does_not_authorise_a_linux_write) ... ok
test_an_unknown_control_plane_is_refused (test_board_identity.ControlPlaneTests.test_an_unknown_control_plane_is_refused) ... ok
test_booting_is_a_prompt_change_and_also_ends_the_epoch (test_board_identity.ControlPlaneTests.test_booting_is_a_prompt_change_and_also_ends_the_epoch)
Two independent refusals: the epoch and the control plane. ... ok
test_identity_records_the_control_plane_it_interrogated (test_board_identity.ControlPlaneTests.test_identity_records_the_control_plane_it_interrogated) ... ok
test_a_prompt_change_ends_the_epoch (test_board_identity.EpochTests.test_a_prompt_change_ends_the_epoch) ... ok
test_an_identity_from_an_older_epoch_is_refused (test_board_identity.EpochTests.test_an_identity_from_an_older_epoch_is_refused)
The epoch moves without clearing: the authorisation must still not travel. ... ok
test_an_unknown_disruption_kind_is_refused (test_board_identity.EpochTests.test_an_unknown_disruption_kind_is_refused) ... ok
test_disruption_increments_the_epoch (test_board_identity.EpochTests.test_disruption_increments_the_epoch) ... ok
test_disruptions_are_recorded_for_the_run_log (test_board_identity.EpochTests.test_disruptions_are_recorded_for_the_run_log) ... ok
test_every_disruption_kind_revokes (test_board_identity.EpochTests.test_every_disruption_kind_revokes) ... ok
test_many_writes_within_one_stable_epoch (test_board_identity.EpochTests.test_many_writes_within_one_stable_epoch)
An evolution loop cannot afford a printenv per candidate. ... ok
test_re_verification_restores_authorisation_in_the_new_epoch (test_board_identity.EpochTests.test_re_verification_restores_authorisation_in_the_new_epoch) ... ok
test_a_board_with_no_role_is_refused (test_board_identity.IdentityTests.test_a_board_with_no_role_is_refused) ... ok
test_a_different_boardid_is_refused (test_board_identity.IdentityTests.test_a_different_boardid_is_refused) ... ok
test_a_duplicated_boardid_is_refused (test_board_identity.IdentityTests.test_a_duplicated_boardid_is_refused) ... ok
test_a_wrong_clock_is_refused (test_board_identity.IdentityTests.test_a_wrong_clock_is_refused) ... ok
test_a_wrong_idcode_is_refused (test_board_identity.IdentityTests.test_a_wrong_idcode_is_refused) ... ok
test_raw_replies_and_parsed_fields_are_both_kept (test_board_identity.IdentityTests.test_raw_replies_and_parsed_fields_are_both_kept) ... ok
test_routing_class_requires_the_sacrificial_board (test_board_identity.IdentityTests.test_routing_class_requires_the_sacrificial_board) ... ok
test_silence_on_identity_is_refused (test_board_identity.IdentityTests.test_silence_on_identity_is_refused) ... ok
test_the_reference_board_is_refused (test_board_identity.IdentityTests.test_the_reference_board_is_refused) ... ok
test_the_right_board_is_accepted (test_board_identity.IdentityTests.test_the_right_board_is_accepted) ... ok
test_the_right_board_with_the_wrong_role_is_refused (test_board_identity.IdentityTests.test_the_right_board_with_the_wrong_role_is_refused)
boardid 17A6 but role=sacrificial. ... ok
test_the_silicon_revision_nibble_is_ignored (test_board_identity.IdentityTests.test_the_silicon_revision_nibble_is_ignored) ... ok
test_a_failed_verification_leaves_no_authorisation (test_board_identity.InterlockTests.test_a_failed_verification_leaves_no_authorisation) ... ok
test_a_later_failed_verification_revokes_the_earlier_one (test_board_identity.InterlockTests.test_a_later_failed_verification_revokes_the_earlier_one)
Verify, then the board changes underneath, then verify again and fail. ... ok
test_another_session_cannot_borrow_an_authorisation (test_board_identity.InterlockTests.test_another_session_cannot_borrow_an_authorisation)
The window this closes: verify here, write over a re-resolved symlink there. ... ok
test_identity_is_bound_to_the_transport_that_answered (test_board_identity.InterlockTests.test_identity_is_bound_to_the_transport_that_answered) ... ok
test_write_is_authorised_after_verification (test_board_identity.InterlockTests.test_write_is_authorised_after_verification) ... ok
test_write_is_refused_without_a_verification_on_this_session (test_board_identity.InterlockTests.test_write_is_refused_without_a_verification_on_this_session) ... ok
test_no_argument_can_relax_a_requirement (test_board_identity.NoOverrideTests.test_no_argument_can_relax_a_requirement) ... ok
test_requirements_are_not_read_from_the_environment (test_board_identity.NoOverrideTests.test_requirements_are_not_read_from_the_environment) ... ok
test_the_required_identity_is_a_constant (test_board_identity.NoOverrideTests.test_the_required_identity_is_a_constant) ... ok
test_another_variable_does_not_answer_for_this_one (test_board_identity.ParsingTests.test_another_variable_does_not_answer_for_this_one) ... ok
test_duplicate_assignment_is_refused (test_board_identity.ParsingTests.test_duplicate_assignment_is_refused) ... ok
test_empty_value_is_refused (test_board_identity.ParsingTests.test_empty_value_is_refused) ... ok
test_exactly_one_assignment (test_board_identity.ParsingTests.test_exactly_one_assignment) ... ok
test_missing_variable_is_refused (test_board_identity.ParsingTests.test_missing_variable_is_refused) ... ok
test_register_read_requires_exactly_one_line (test_board_identity.ParsingTests.test_register_read_requires_exactly_one_line) ... ok
test_register_silence_is_refused (test_board_identity.ParsingTests.test_register_silence_is_refused) ... ok
test_two_md_lines_are_refused (test_board_identity.ParsingTests.test_two_md_lines_are_refused) ... ok
test_an_acquisition_still_writes_its_verdict (test_board_signature_search.JudgingWritesNothing.test_an_acquisition_still_writes_its_verdict)
The fix must not have disarmed the path that is supposed to write. ... ok
test_an_existing_verdict_from_the_acquisition_survives_judging (test_board_signature_search.JudgingWritesNothing.test_an_existing_verdict_from_the_acquisition_survives_judging) ... ok
test_judging_changes_not_one_byte_of_the_acquisition (test_board_signature_search.JudgingWritesNothing.test_judging_changes_not_one_byte_of_the_acquisition) ... ok
test_judging_creates_no_verdict_file_at_all (test_board_signature_search.JudgingWritesNothing.test_judging_creates_no_verdict_file_at_all) ... ok
test_a_child_is_given_exactly_one_far (test_board_signature_search.TheAuthority.test_a_child_is_given_exactly_one_far) ... ok
test_r4_control_and_r4_have_one_instrument (test_board_signature_search.TheAuthority.test_r4_control_and_r4_have_one_instrument) ... ok
test_r4_rejects_every_older_probe_capture (test_board_signature_search.TheAuthority.test_r4_rejects_every_older_probe_capture) ... ok
test_the_canonical_paths_are_the_gate_s_own (test_board_signature_search.TheAuthority.test_the_canonical_paths_are_the_gate_s_own) ... ok
test_the_child_is_the_reviewed_probe_and_no_jtag_path_of_its_own (test_board_signature_search.TheAuthority.test_the_child_is_the_reviewed_probe_and_no_jtag_path_of_its_own) ... ok
test_the_cli_cannot_be_pointed_at_another_run_or_report (test_board_signature_search.TheAuthority.test_the_cli_cannot_be_pointed_at_another_run_or_report) ... ok
test_the_instrument_is_part_of_the_digest (test_board_signature_search.TheAuthority.test_the_instrument_is_part_of_the_digest) ... ok
test_the_positive_controls_are_authority_derived_and_pinned (test_board_signature_search.TheAuthority.test_the_positive_controls_are_authority_derived_and_pinned) ... ok
test_the_published_r4_evidence_belongs_to_the_instrument_that_took_it (test_board_signature_search.TheAuthority.test_the_published_r4_evidence_belongs_to_the_instrument_that_took_it)
The digest hashes this file's own bytes, so 2.7.2 is a different instrument. ... ok
test_the_selection_is_checked_against_the_named_site_and_bel (test_board_signature_search.TheAuthority.test_the_selection_is_checked_against_the_named_site_and_bel) ... ok
test_the_two_mode_digests_are_pinned_to_this_implementation (test_board_signature_search.TheAuthority.test_the_two_mode_digests_are_pinned_to_this_implementation)
2.8.0's identity, recomputed here rather than quoted from the specification. ... ok
test_a_budget_leaves_the_rest_not_attempted_never_searched (test_board_signature_search.TheBookkeeping.test_a_budget_leaves_the_rest_not_attempted_never_searched) ... ok
test_a_capture_for_the_wrong_far_is_refused (test_board_signature_search.TheBookkeeping.test_a_capture_for_the_wrong_far_is_refused) ... ok
test_a_capture_from_another_tool_version_is_refused (test_board_signature_search.TheBookkeeping.test_a_capture_from_another_tool_version_is_refused) ... ok
test_a_failed_child_stops_the_search_and_keeps_its_output (test_board_signature_search.TheBookkeeping.test_a_failed_child_stops_the_search_and_keeps_its_output) ... ok
test_a_restart_during_the_search_is_refused (test_board_signature_search.TheBookkeeping.test_a_restart_during_the_search_is_refused) ... ok
test_a_resume_re_reads_and_re_hashes_every_capture (test_board_signature_search.TheBookkeeping.test_a_resume_re_reads_and_re_hashes_every_capture) ... ok
test_a_resume_refuses_a_different_boot (test_board_signature_search.TheBookkeeping.test_a_resume_refuses_a_different_boot) ... ok
test_a_resume_refuses_a_drifted_instrument (test_board_signature_search.TheBookkeeping.test_a_resume_refuses_a_drifted_instrument) ... ok
test_a_resume_refuses_a_tampered_capture (test_board_signature_search.TheBookkeeping.test_a_resume_refuses_a_tampered_capture) ... ok
test_a_resume_refuses_a_truncated_capture (test_board_signature_search.TheBookkeeping.test_a_resume_refuses_a_truncated_capture) ... ok
test_validate_index_refuses_an_index_holding_a_failure (test_board_signature_search.TheBookkeeping.test_validate_index_refuses_an_index_holding_a_failure) ... ok
test_a_child_log_from_another_invocation_is_refused (test_board_signature_search.TheChildLogIsEvidence.test_a_child_log_from_another_invocation_is_refused) ... ok
test_a_deleted_child_log_is_refused (test_board_signature_search.TheChildLogIsEvidence.test_a_deleted_child_log_is_refused) ... ok
test_a_path_that_escapes_the_run_directory_is_refused (test_board_signature_search.TheChildLogIsEvidence.test_a_path_that_escapes_the_run_directory_is_refused) ... ok
test_an_edited_child_log_is_refused (test_board_signature_search.TheChildLogIsEvidence.test_an_edited_child_log_is_refused) ... ok
test_an_incomplete_control_acquisition_is_unvalidated (test_board_signature_search.TheControlOnlyMode.test_an_incomplete_control_acquisition_is_unvalidated) ... ok
test_config_status_is_summarised_for_every_capture (test_board_signature_search.TheControlOnlyMode.test_config_status_is_summarised_for_every_capture) ... ok
test_control_index_cannot_be_judged_as_a_signature_search (test_board_signature_search.TheControlOnlyMode.test_control_index_cannot_be_judged_as_a_signature_search) ... ok
test_control_index_cannot_resume_as_a_signature_search (test_board_signature_search.TheControlOnlyMode.test_control_index_cannot_resume_as_a_signature_search) ... ok
test_index_status_must_still_equal_the_capture (test_board_signature_search.TheControlOnlyMode.test_index_status_must_still_equal_the_capture) ... ok
test_it_reads_all_sixteen_and_one_match_no_longer_validates (test_board_signature_search.TheControlOnlyMode.test_it_reads_all_sixteen_and_one_match_no_longer_validates)
2.8.0. The read set was already all sixteen; the threshold was not. ... ok
test_mode_is_part_of_the_instrument_digest (test_board_signature_search.TheControlOnlyMode.test_mode_is_part_of_the_instrument_digest) ... ok
test_no_controls_read_is_unvalidated_not_valid_empty (test_board_signature_search.TheControlOnlyMode.test_no_controls_read_is_unvalidated_not_valid_empty) ... ok
test_search_index_cannot_be_judged_as_control_only (test_board_signature_search.TheControlOnlyMode.test_search_index_cannot_be_judged_as_control_only) ... ok
test_search_index_cannot_resume_as_control_only (test_board_signature_search.TheControlOnlyMode.test_search_index_cannot_resume_as_control_only) ... ok
test_sixteen_of_sixteen_is_what_validates (test_board_signature_search.TheControlOnlyMode.test_sixteen_of_sixteen_is_what_validates) ... ok
test_the_production_cli_cannot_cap_control_reads (test_board_signature_search.TheControlOnlyMode.test_the_production_cli_cannot_cap_control_reads) ... ok
test_wrong_but_nonzero_controls_are_invalid_and_have_no_location_fields (test_board_signature_search.TheControlOnlyMode.test_wrong_but_nonzero_controls_are_invalid_and_have_no_location_fields) ... ok
test_a_lying_index_cannot_make_one_frame_a_complete_search (test_board_signature_search.TheCoverageIsRecomputed.test_a_lying_index_cannot_make_one_frame_a_complete_search) ... ok
test_an_entry_outside_the_frozen_sequence_is_refused (test_board_signature_search.TheCoverageIsRecomputed.test_an_entry_outside_the_frozen_sequence_is_refused) ... ok
test_missing_frames_are_recomputed_not_read_from_the_index (test_board_signature_search.TheCoverageIsRecomputed.test_missing_frames_are_recomputed_not_read_from_the_index) ... ok
test_a_child_that_raises_still_lands_a_failed_entry_and_a_log (test_board_signature_search.TheFailureAlwaysLeavesEvidence.test_a_child_that_raises_still_lands_a_failed_entry_and_a_log) ... ok
test_a_timeout_preserves_its_partial_streams_byte_for_byte (test_board_signature_search.TheFailureAlwaysLeavesEvidence.test_a_timeout_preserves_its_partial_streams_byte_for_byte) ... ok
test_an_unreadable_capture_lands_a_failed_entry_and_the_partial (test_board_signature_search.TheFailureAlwaysLeavesEvidence.test_an_unreadable_capture_lands_a_failed_entry_and_the_partial) ... ok
test_a_closed_index_may_be_judged (test_board_signature_search.TheJudgeOnlyPath.test_a_closed_index_may_be_judged) ... ok
test_a_resume_cannot_reuse_the_previous_invocation_s_closure (test_board_signature_search.TheJudgeOnlyPath.test_a_resume_cannot_reuse_the_previous_invocation_s_closure)
New captures may not inherit a matching end marker from an older partial run. ... ok
test_a_resume_is_unclosed_even_if_the_end_marker_read_raises (test_board_signature_search.TheJudgeOnlyPath.test_a_resume_is_unclosed_even_if_the_end_marker_read_raises) ... ok
test_an_index_closed_by_a_different_boot_may_not_be_judged (test_board_signature_search.TheJudgeOnlyPath.test_an_index_closed_by_a_different_boot_may_not_be_judged) ... ok
test_an_index_its_run_never_closed_may_not_be_judged (test_board_signature_search.TheJudgeOnlyPath.test_an_index_its_run_never_closed_may_not_be_judged) ... ok
test_judging_an_intended_hit_still_needs_the_sixteen_controls (test_board_signature_search.TheJudgeOnlyPath.test_judging_an_intended_hit_still_needs_the_sixteen_controls)
Offline judging is the path that re-reads published evidence; same rule there. ... ok
test_judging_an_intended_hit_with_all_sixteen_reports_the_location (test_board_signature_search.TheJudgeOnlyPath.test_judging_an_intended_hit_with_all_sixteen_reports_the_location) ... ok
test_a_third_state_first_earns_all_sixteen_then_reads_nothing_else (test_board_signature_search.TheOrder.test_a_third_state_first_earns_all_sixteen_then_reads_nothing_else) ... ok
test_only_the_base_starts_a_sweep (test_board_signature_search.TheOrder.test_only_the_base_starts_a_sweep) ... ok
test_the_candidate_at_the_intended_far_earns_all_sixteen_then_stops (test_board_signature_search.TheOrder.test_the_candidate_at_the_intended_far_earns_all_sixteen_then_stops)
2.8.0. A hit at A20 used to be the one verdict that read no control at all. ... ok
test_the_intended_far_is_the_first_child (test_board_signature_search.TheOrder.test_the_intended_far_is_the_first_child) ... ok
test_all_controls_mismatching_stops_before_the_sweep (test_board_signature_search.ThePositiveControl.test_all_controls_mismatching_stops_before_the_sweep) ... ok
test_an_intended_hit_cannot_outrun_a_failed_control (test_board_signature_search.ThePositiveControl.test_an_intended_hit_cannot_outrun_a_failed_control)
The 2.7.2 defect, as a test: the most consequential verdict had no instrument. ... ok
test_an_unread_control_set_is_unvalidated_not_invalid (test_board_signature_search.ThePositiveControl.test_an_unread_control_set_is_unvalidated_not_invalid) ... ok
test_fifteen_matching_and_one_mismatch_is_invalid (test_board_signature_search.ThePositiveControl.test_fifteen_matching_and_one_mismatch_is_invalid) ... ok
test_fifteen_matching_and_one_unread_is_unvalidated (test_board_signature_search.ThePositiveControl.test_fifteen_matching_and_one_unread_is_unvalidated) ... ok
test_judge_sweep_itself_cannot_emit_not_found_without_a_control (test_board_signature_search.ThePositiveControl.test_judge_sweep_itself_cannot_emit_not_found_without_a_control) ... ok
test_neither_cannot_bypass_a_failed_control (test_board_signature_search.ThePositiveControl.test_neither_cannot_bypass_a_failed_control) ... ok
test_nonzero_but_wrong_controls_do_not_count (test_board_signature_search.ThePositiveControl.test_nonzero_but_wrong_controls_do_not_count) ... ok
test_a_duplicated_signature_names_nothing (test_board_signature_search.TheVerdict.test_a_duplicated_signature_names_nothing) ... ok
test_a_match_is_the_whole_frame_not_a_few_bits (test_board_signature_search.TheVerdict.test_a_match_is_the_whole_frame_not_a_few_bits) ... ok
test_a_shifted_candidate_is_located (test_board_signature_search.TheVerdict.test_a_shifted_candidate_is_located) ... ok
test_all_base_with_complete_coverage_says_nowhere (test_board_signature_search.TheVerdict.test_all_base_with_complete_coverage_says_nowhere) ... ok
test_all_base_with_holes_refuses_to_say_nowhere (test_board_signature_search.TheVerdict.test_all_base_with_holes_refuses_to_say_nowhere) ... ok
test_an_all_zero_signature_is_refused_at_the_source (test_board_signature_search.TheVerdict.test_an_all_zero_signature_is_refused_at_the_source) ... ok
test_a_different_marker_is_a_different_boot (test_board_uboot_axi.TheBootMarker.test_a_different_marker_is_a_different_boot) ... ok
test_a_missing_marker_is_a_restart (test_board_uboot_axi.TheBootMarker.test_a_missing_marker_is_a_restart) ... ok
test_it_asks_before_it_would_have_to_stall (test_board_uboot_axi.TheBootMarker.test_it_asks_before_it_would_have_to_stall)
The whole value is that this costs one env read and never touches the window. ... ok
test_the_same_boot_passes (test_board_uboot_axi.TheBootMarker.test_the_same_boot_passes) ... ok
test_every_frame_has_its_own_capture_address (test_board_uboot_axi.TheCommandShapes.test_every_frame_has_its_own_capture_address) ... ok
test_the_capture_areas_do_not_overlap_the_payload (test_board_uboot_axi.TheCommandShapes.test_the_capture_areas_do_not_overlap_the_payload) ... ok
test_the_far_order_is_the_guards (test_board_uboot_axi.TheCommandShapes.test_the_far_order_is_the_guards) ... ok
test_the_pacing_budget_is_stated (test_board_uboot_axi.TheCommandShapes.test_the_pacing_budget_is_stated)
21 ms, and a per-frame round trip does not fit in it. ... ok
test_the_readback_of_an_envelope_is_one_line (test_board_uboot_axi.TheCommandShapes.test_the_readback_of_an_envelope_is_one_line) ... ok
test_the_wait_loop_also_exits_on_a_fault (test_board_uboot_axi.TheCommandShapes.test_the_wait_loop_also_exits_on_a_fault)
Without the fault bit it spins forever exactly when the engine has given up. ... ok
test_a_whole_transaction_returns_the_fifteen_frames (test_board_uboot_axi.TheHappyPath.test_a_whole_transaction_returns_the_fifteen_frames) ... ok
test_an_engine_that_measured_nothing_is_recorded_as_such (test_board_uboot_axi.TheHappyPath.test_an_engine_that_measured_nothing_is_recorded_as_such)
valid=0 is a finding, not a missing key. ... ok
test_every_pass_two_stage_records_the_readback_telemetry (test_board_uboot_axi.TheHappyPath.test_every_pass_two_stage_records_the_readback_telemetry) ... ok
test_pass_one_runs_before_any_pass_two (test_board_uboot_axi.TheHappyPath.test_pass_one_runs_before_any_pass_two)
Pass 1 asserts no CSIB, so all three must clear before the fabric is touched. ... ok
test_an_ascii_column_that_looks_like_hex_is_not_read_as_data (test_board_uboot_axi.TheMdParser.test_an_ascii_column_that_looks_like_hex_is_not_read_as_data)
`print_buffer` renders unprintables as dots, but a frame of ASCII text would ... ok
test_it_reads_a_normal_dump (test_board_uboot_axi.TheMdParser.test_it_reads_a_normal_dump) ... ok
test_it_refuses_a_dump_whose_addresses_do_not_follow (test_board_uboot_axi.TheMdParser.test_it_refuses_a_dump_whose_addresses_do_not_follow) ... ok
test_it_refuses_a_short_dump (test_board_uboot_axi.TheMdParser.test_it_refuses_a_short_dump) ... ok
test_it_is_given_back_after_a_fault_too (test_board_uboot_axi.ThePcapHandover.test_it_is_given_back_after_a_fault_too)
A devcfg left selecting the PL leaves the next PCAP user with a device that ... ok
test_the_handover_happens_before_begin_txn (test_board_uboot_axi.ThePcapHandover.test_the_handover_happens_before_begin_txn) ... ok
test_the_icap_is_handed_over_and_given_back (test_board_uboot_axi.ThePcapHandover.test_the_icap_is_handed_over_and_given_back) ... ok
test_a_clean_predecessor_can_start_the_next_transaction (test_board_uboot_axi.TheRefusals.test_a_clean_predecessor_can_start_the_next_transaction)
The registered chain needs no-op -> candidate -> restore in one session. ... ok
test_a_clear_recovery_latch_without_a_complete_predecessor_is_refused (test_board_uboot_axi.TheRefusals.test_a_clear_recovery_latch_without_a_complete_predecessor_is_refused) ... ok
test_a_command_line_longer_than_the_console_buffer (test_board_uboot_axi.TheRefusals.test_a_command_line_longer_than_the_console_buffer) ... ok
test_a_console_that_does_not_return_a_prompt (test_board_uboot_axi.TheRefusals.test_a_console_that_does_not_return_a_prompt) ... ok
test_a_cpu_exception_is_not_reported_as_silence (test_board_uboot_axi.TheRefusals.test_a_cpu_exception_is_not_reported_as_silence)
A data abort and a stalled CPU both end with no prompt, and they mean opposite ... ok
test_a_fault_during_pass_one (test_board_uboot_axi.TheRefusals.test_a_fault_during_pass_one) ... ok
test_a_fault_during_pass_two (test_board_uboot_axi.TheRefusals.test_a_fault_during_pass_two) ... ok
test_a_payload_of_the_wrong_length (test_board_uboot_axi.TheRefusals.test_a_payload_of_the_wrong_length) ... ok
test_a_scorer_that_is_armed_at_the_end (test_board_uboot_axi.TheRefusals.test_a_scorer_that_is_armed_at_the_end) ... ok
test_a_status_word_of_zero (test_board_uboot_axi.TheRefusals.test_a_status_word_of_zero) ... ok
test_a_status_word_with_reserved_bits_set (test_board_uboot_axi.TheRefusals.test_a_status_word_with_reserved_bits_set) ... ok
test_dram_that_does_not_hold_the_sealed_bytes (test_board_uboot_axi.TheRefusals.test_dram_that_does_not_hold_the_sealed_bytes) ... ok
test_the_telemetry_decodes_at_its_pinned_places (test_board_uboot_axi.TheRefusals.test_the_telemetry_decodes_at_its_pinned_places) ... ok
test_the_telemetry_field_is_not_treated_as_reserved (test_board_uboot_axi.TheRefusals.test_the_telemetry_field_is_not_treated_as_reserved)
A full-width latency with the valid bit set is an ORDINARY status word. ... ok
test_the_top_reserved_bit_is_also_refused (test_board_uboot_axi.TheRefusals.test_the_top_reserved_bit_is_also_refused) ... ok
test_without_the_capability (test_board_uboot_axi.TheRefusals.test_without_the_capability) ... ok
test_a_stuck_pass_one_is_refused (test_board_uboot_axi.TheSessionIsTheDoor.test_a_stuck_pass_one_is_refused) ... ok
test_a_stuck_pass_two_is_refused (test_board_uboot_axi.TheSessionIsTheDoor.test_a_stuck_pass_two_is_refused) ... ok
test_it_refuses_after_a_disruption_even_though_the_board_is_the_same (test_board_uboot_axi.TheSessionIsTheDoor.test_it_refuses_after_a_disruption_even_though_the_board_is_the_same) ... ok
test_it_refuses_without_a_verified_identity_and_sends_nothing (test_board_uboot_axi.TheSessionIsTheDoor.test_it_refuses_without_a_verified_identity_and_sends_nothing) ... ok
test_the_transaction_is_recorded_on_the_session (test_board_uboot_axi.TheSessionIsTheDoor.test_the_transaction_is_recorded_on_the_session) ... ok
test_a_raising_command_records_its_end_and_the_exception_type (test_calibration_instrumentation.EveryCommandIsBracketed.test_a_raising_command_records_its_end_and_the_exception_type)
The command that fails is the one whose timing matters most. ... ok
test_start_end_and_elapsed_are_all_recorded (test_calibration_instrumentation.EveryCommandIsBracketed.test_start_end_and_elapsed_are_all_recorded) ... ok
test_the_entry_is_appended_before_the_call_so_a_hang_still_leaves_a_trace (test_calibration_instrumentation.EveryCommandIsBracketed.test_the_entry_is_appended_before_the_call_so_a_hang_still_leaves_a_trace) ... ok
test_only_command_is_intercepted (test_calibration_instrumentation.ItAddsNothingToTheWire.test_only_command_is_intercepted) ... ok
test_the_wrapper_forwards_one_to_one (test_calibration_instrumentation.ItAddsNothingToTheWire.test_the_wrapper_forwards_one_to_one)
Exactly one call to the inner transport, and it lives in `command`. ... ok
test_the_wrapper_never_builds_a_command_string_of_its_own (test_calibration_instrumentation.ItAddsNothingToTheWire.test_the_wrapper_never_builds_a_command_string_of_its_own)
A formatted `md`/`mw` here would be traffic the calibration did not ask for. ... ok
test_there_is_no_ps_snapshot_left (test_calibration_instrumentation.ItAddsNothingToTheWire.test_there_is_no_ps_snapshot_left) ... ok
test_a_good_transaction_passes_and_returns_the_measurements (test_calibration_instrumentation.TheEndStateIsAStopCondition.test_a_good_transaction_passes_and_returns_the_measurements) ... ok
test_a_missing_telemetry_field_stops_the_run (test_calibration_instrumentation.TheEndStateIsAStopCondition.test_a_missing_telemetry_field_stops_the_run) ... ok
test_a_zero_latency_is_not_treated_as_missing (test_calibration_instrumentation.TheEndStateIsAStopCondition.test_a_zero_latency_is_not_treated_as_missing) ... ok
test_fewer_entries_than_envelopes_stops_the_run (test_calibration_instrumentation.TheEndStateIsAStopCondition.test_fewer_entries_than_envelopes_stops_the_run) ... ok
test_one_envelope_with_an_invalid_latency_stops_the_run (test_calibration_instrumentation.TheEndStateIsAStopCondition.test_one_envelope_with_an_invalid_latency_stops_the_run) ... ok
test_the_status_flags_are_still_checked (test_calibration_instrumentation.TheEndStateIsAStopCondition.test_the_status_flags_are_still_checked) ... ok
test_a_marker_is_taken_before_run_candidate_on_board (test_calibration_instrumentation.TheHostGateIsBracketed.test_a_marker_is_taken_before_run_candidate_on_board) ... ok
test_the_marker_is_host_side_only (test_calibration_instrumentation.TheHostGateIsBracketed.test_the_marker_is_host_side_only) ... ok
test_the_session_is_built_on_the_wrapper (test_calibration_instrumentation.TheTransportIsWrappedEarlyEnough.test_the_session_is_built_on_the_wrapper) ... ok
test_every_kind_is_representable (test_candidate_gate.FindingShapeTests.test_every_kind_is_representable) ... ok
test_kind_must_be_known (test_candidate_gate.FindingShapeTests.test_kind_must_be_known) ... ok
test_a_flush_frame_may_not_differ_at_all (test_candidate_gate.FlushFrameSemanticsTests.test_a_flush_frame_may_not_differ_at_all)
The same edit that is legal in a target frame is a refusal here. ... ok
test_even_a_correctly_recomputed_ecc_is_refused_in_a_flush_frame (test_candidate_gate.FlushFrameSemanticsTests.test_even_a_correctly_recomputed_ecc_is_refused_in_a_flush_frame)
The tempting exception: 'the ECC is right, so the frame is fine'. ... ok
test_the_flush_frame_comes_from_the_manifest_not_the_candidate (test_candidate_gate.FlushFrameSemanticsTests.test_the_flush_frame_comes_from_the_manifest_not_the_candidate)
A candidate cannot supply a flush frame even by naming its FAR. ... ok
test_a_whitelisted_bit_is_accepted_in_a_target_frame (test_candidate_gate.HappyPathTests.test_a_whitelisted_bit_is_accepted_in_a_target_frame) ... ok
test_every_target_frame_is_transmitted_even_when_unchanged (test_candidate_gate.HappyPathTests.test_every_target_frame_is_transmitted_even_when_unchanged)
§6 item 1: a candidate depends on the pinned base, not on the previous one. ... ok
test_the_identity_candidate_is_writable (test_candidate_gate.HappyPathTests.test_the_identity_candidate_is_writable) ... ok
test_transfer_size_matches_the_pinned_envelope (test_candidate_gate.HappyPathTests.test_transfer_size_matches_the_pinned_envelope) ... ok
test_a_plausible_but_out_of_scope_write_is_refused (test_candidate_gate.KnownBadCompositionTests.test_a_plausible_but_out_of_scope_write_is_refused) ... ok
test_a_forbidden_command_is_refused (test_candidate_gate.SequenceStructureTests.test_a_forbidden_command_is_refused) ... ok
test_a_lengthened_fdri_is_refused (test_candidate_gate.SequenceStructureTests.test_a_lengthened_fdri_is_refused) ... ok
test_a_missing_sync_is_refused (test_candidate_gate.SequenceStructureTests.test_a_missing_sync_is_refused) ... ok
test_a_missing_target_frame_is_refused_before_a_sequence_exists (test_candidate_gate.SequenceStructureTests.test_a_missing_target_frame_is_refused_before_a_sequence_exists) ... ok
test_a_second_far_set_is_refused (test_candidate_gate.SequenceStructureTests.test_a_second_far_set_is_refused) ... ok
test_a_wrong_far_is_refused (test_candidate_gate.SequenceStructureTests.test_a_wrong_far_is_refused) ... ok
test_a_wrong_idcode_is_refused (test_candidate_gate.SequenceStructureTests.test_a_wrong_idcode_is_refused) ... ok
test_an_extra_envelope_is_refused (test_candidate_gate.SequenceStructureTests.test_an_extra_envelope_is_refused) ... ok
test_an_unrecognised_packet_is_refused (test_candidate_gate.SequenceStructureTests.test_an_unrecognised_packet_is_refused)
A word that is neither a type-1 nor a type-2 header must be reported. ... ok
test_a_merely_different_ecc_is_refused (test_candidate_gate.TargetFrameSemanticsTests.test_a_merely_different_ecc_is_refused)
Not 'the ECC changed' but 'the ECC is not the correct recomputation'. ... ok
test_a_non_whitelisted_bit_is_refused (test_candidate_gate.TargetFrameSemanticsTests.test_a_non_whitelisted_bit_is_refused) ... ok
test_a_stale_ecc_is_refused (test_candidate_gate.TargetFrameSemanticsTests.test_a_stale_ecc_is_refused) ... ok
test_word_50_outside_the_ecc_field_is_refused (test_candidate_gate.TargetFrameSemanticsTests.test_word_50_outside_the_ecc_field_is_refused) ... ok
test_the_untouched_fixture_is_accepted (test_candidate_skeleton.BaselineTests.test_the_untouched_fixture_is_accepted)
Without this, every case below could pass for the wrong reason. ... ok
test_the_fixture_parses_to_exactly_the_expected_trace (test_candidate_skeleton.ExpectedTraceTests.test_the_fixture_parses_to_exactly_the_expected_trace) ... ok
test_the_gate_does_not_ask_the_builder_what_to_expect (test_candidate_skeleton.ExpectedTraceTests.test_the_gate_does_not_ask_the_builder_what_to_expect) ... ok
test_removing_desync_is_refused (test_candidate_skeleton.OmissionTests.test_removing_desync_is_refused) ... ok
test_removing_rcrc_is_refused (test_candidate_skeleton.OmissionTests.test_removing_rcrc_is_refused) ... ok
test_removing_wcfg_is_refused (test_candidate_skeleton.OmissionTests.test_removing_wcfg_is_refused) ... ok
test_a_duplicated_command_is_refused (test_candidate_skeleton.OrderAndExtraTests.test_a_duplicated_command_is_refused) ... ok
test_an_extra_noop_is_refused (test_candidate_skeleton.OrderAndExtraTests.test_an_extra_noop_is_refused)
The skeleton is exact: padding is part of the pinned envelope, not slack. ... ok
test_an_extra_write_after_desync_is_refused (test_candidate_skeleton.OrderAndExtraTests.test_an_extra_write_after_desync_is_refused) ... ok
test_swapping_rcrc_and_wcfg_is_refused (test_candidate_skeleton.OrderAndExtraTests.test_swapping_rcrc_and_wcfg_is_refused)
Both commands present, neither forbidden — only order distinguishes them. ... ok
test_a_truncated_cmd_write_refuses (test_candidate_skeleton.TruncationTests.test_a_truncated_cmd_write_refuses) ... ok
test_a_truncated_crc_write_refuses (test_candidate_skeleton.TruncationTests.test_a_truncated_crc_write_refuses) ... ok
test_a_truncated_far_write_refuses (test_candidate_skeleton.TruncationTests.test_a_truncated_far_write_refuses) ... ok
test_a_truncated_idcode_write_refuses (test_candidate_skeleton.TruncationTests.test_a_truncated_idcode_write_refuses) ... ok
test_a_type2_overrun_inside_the_stream_refuses (test_candidate_skeleton.TruncationTests.test_a_type2_overrun_inside_the_stream_refuses)
Not only at the tail: a declared length that overruns anywhere is malformed. ... ok
test_a_type2_overrun_refuses (test_candidate_skeleton.TruncationTests.test_a_type2_overrun_refuses)
The rule is total, not four special cases: type 2 declares a length too. ... ok
test_no_exception_escapes_for_any_recognised_header (test_candidate_skeleton.TruncationTests.test_no_exception_escapes_for_any_recognised_header)
The class, not the four instances: every count-one header, one assertion. ... ok
test_the_parser_reports_truncation_as_data (test_candidate_skeleton.TruncationTests.test_the_parser_reports_truncation_as_data)
It must be observable in the record, not only in the gate's verdict. ... ok
test_a_non_zero_crc_write_is_refused (test_candidate_skeleton.ValueTests.test_a_non_zero_crc_write_is_refused) ... ok
test_the_crc_value_is_checked_not_merely_its_presence (test_candidate_skeleton.ValueTests.test_the_crc_value_is_checked_not_merely_its_presence)
0 passes and 1 does not; a presence check cannot tell them apart. ... ok
test_a_consistent_bundle_loads_clean (test_carrier_run_gates.BundleLoaderTests.test_a_consistent_bundle_loads_clean) ... ok
test_a_directory_without_a_bundle_is_not_a_run (test_carrier_run_gates.BundleLoaderTests.test_a_directory_without_a_bundle_is_not_a_run) ... ok
test_a_missing_artifact_is_refused (test_carrier_run_gates.BundleLoaderTests.test_a_missing_artifact_is_refused) ... ok
test_an_artifact_whose_bytes_changed_is_refused (test_carrier_run_gates.BundleLoaderTests.test_an_artifact_whose_bytes_changed_is_refused) ... ok
test_an_unpulled_lfs_pointer_is_reported_as_itself (test_carrier_run_gates.BundleLoaderTests.test_an_unpulled_lfs_pointer_is_reported_as_itself)
The confusing failure: in a fresh clone without `git lfs pull` the file is a ... ok
test_the_loader_reports_every_problem_not_just_the_first (test_carrier_run_gates.BundleLoaderTests.test_the_loader_reports_every_problem_not_just_the_first) ... ok
test_a_build_from_a_dirty_tree_is_refused (test_carrier_run_gates.CarrierBaseGateTests.test_a_build_from_a_dirty_tree_is_refused) ... ok
test_a_bundle_the_loader_rejects_stops_the_gate (test_carrier_run_gates.CarrierBaseGateTests.test_a_bundle_the_loader_rejects_stops_the_gate) ... ok
test_a_good_run_is_accepted (test_carrier_run_gates.CarrierBaseGateTests.test_a_good_run_is_accepted) ... ok
test_a_manifest_pointing_at_another_bitstream_is_refused (test_carrier_run_gates.CarrierBaseGateTests.test_a_manifest_pointing_at_another_bitstream_is_refused) ... ok
test_a_record_that_does_not_claim_a_routed_design_is_refused (test_carrier_run_gates.CarrierBaseGateTests.test_a_record_that_does_not_claim_a_routed_design_is_refused) ... ok
test_a_record_without_a_passing_isolation_verdict_is_refused (test_carrier_run_gates.CarrierBaseGateTests.test_a_record_without_a_passing_isolation_verdict_is_refused) ... ok
test_a_record_without_source_hashes_is_refused (test_carrier_run_gates.CarrierBaseGateTests.test_a_record_without_source_hashes_is_refused)
Output hashes alone cannot connect a bitstream to the RTL in history. ... ok
test_a_source_that_moved_since_the_build_is_refused (test_carrier_run_gates.CarrierBaseGateTests.test_a_source_that_moved_since_the_build_is_refused)
The exact defect: RTL edited after a published build, benches verifying the new ... ok
test_a_published_run_carries_head_authority (test_carrier_run_gates.HeadAuthorityTests.test_a_published_run_carries_head_authority) ... ok
test_a_run_copied_outside_any_repository_is_refused (test_carrier_run_gates.HeadAuthorityTests.test_a_run_copied_outside_any_repository_is_refused)
The reviewer's reproduction: /tmp copy, no git at all, every digest agrees. ... ok
test_a_staged_change_to_a_tracked_file_is_refused (test_carrier_run_gates.HeadAuthorityTests.test_a_staged_change_to_a_tracked_file_is_refused)
Staging is not a way to answer "is anything different from what is published". ... ok
test_an_artifact_edited_after_publication_is_refused (test_carrier_run_gates.HeadAuthorityTests.test_an_artifact_edited_after_publication_is_refused) ... ok
test_an_unstaged_change_to_any_tracked_file_is_refused (test_carrier_run_gates.HeadAuthorityTests.test_an_unstaged_change_to_any_tracked_file_is_refused)
Including the gates: a verdict from an edited working copy describes nothing ... ok
test_neither_cli_offers_a_repo_override (test_carrier_run_gates.HeadAuthorityTests.test_neither_cli_offers_a_repo_override)
Asked of the parser, not of the source text: an earlier version grepped for the ... ok
test_a_bit_changed_in_a_predicted_frame_at_an_unpredicted_address_is_refused (test_carrier_run_gates.InitEcoGateTests.test_a_bit_changed_in_a_predicted_frame_at_an_unpredicted_address_is_refused)
The subtle one: inside a frame the map DOES predict, at an address it does not, ... ok
test_a_bit_changed_in_an_unpredicted_frame_is_refused (test_carrier_run_gates.InitEcoGateTests.test_a_bit_changed_in_an_unpredicted_frame_is_refused) ... ok
test_a_reimplemented_eco_is_refused (test_carrier_run_gates.InitEcoGateTests.test_a_reimplemented_eco_is_refused) ... ok
test_a_well_formed_eco_record_raises_nothing (test_carrier_run_gates.InitEcoGateTests.test_a_well_formed_eco_record_raises_nothing)
So the two refusals above are not passing on a record that could never pass. ... ok
test_a_wrong_lut_key_in_the_bundle_is_refused (test_carrier_run_gates.InitEcoGateTests.test_a_wrong_lut_key_in_the_bundle_is_refused) ... ok
test_the_eco_record_must_name_the_eco_bitstream_in_this_run (test_carrier_run_gates.InitEcoGateTests.test_the_eco_record_must_name_the_eco_bitstream_in_this_run)
Checked in the gate, not only in the bundle builder: a chain that trusts the ... ok
test_the_published_differential_is_accepted (test_carrier_run_gates.InitEcoGateTests.test_the_published_differential_is_accepted) ... ok
test_a_change_set_that_carries_the_gates_is_refused (test_carrier_run_gates.PublishGateTests.test_a_change_set_that_carries_the_gates_is_refused)
The defect a reviewer reproduced on the real commit: artifacts, builder, both ... ok
test_a_correctly_added_run_is_publishable (test_carrier_run_gates.PublishGateTests.test_a_correctly_added_run_is_publishable) ... ok
test_a_file_the_bundle_does_not_pin_is_refused (test_carrier_run_gates.PublishGateTests.test_a_file_the_bundle_does_not_pin_is_refused) ... ok
test_a_pinned_artifact_that_is_not_staged_is_refused (test_carrier_run_gates.PublishGateTests.test_a_pinned_artifact_that_is_not_staged_is_refused) ... ok
test_a_pointer_whose_oid_is_not_the_pin_is_refused (test_carrier_run_gates.PublishGateTests.test_a_pointer_whose_oid_is_not_the_pin_is_refused)
The bytes behind the pointer are what the bundle vouches for. Restaging a ... ok
test_a_rule_disabled_between_staging_and_adding_is_refused (test_carrier_run_gates.PublishGateTests.test_a_rule_disabled_between_staging_and_adding_is_refused) ... ok
test_a_run_without_a_bundle_is_refused (test_carrier_run_gates.PublishGateTests.test_a_run_without_a_bundle_is_refused) ... ok
test_adding_with_the_filter_overridden_is_refused (test_carrier_run_gates.PublishGateTests.test_adding_with_the_filter_overridden_is_refused) ... ok
test_an_ordinary_blob_edited_without_repinning_is_refused (test_carrier_run_gates.PublishGateTests.test_an_ordinary_blob_edited_without_repinning_is_refused) ... ok
test_an_ordinary_file_turned_into_a_pointer_is_refused (test_carrier_run_gates.PublishGateTests.test_an_ordinary_file_turned_into_a_pointer_is_refused)
Manifests must stay readable and diffable; a pointer is neither. ... ok
test_an_unstaged_modification_to_a_tracked_file_is_refused (test_carrier_run_gates.PublishGateTests.test_an_unstaged_modification_to_a_tracked_file_is_refused) ... ok
test_staging_the_policy_alongside_the_artifacts_is_refused (test_carrier_run_gates.PublishGateTests.test_staging_the_policy_alongside_the_artifacts_is_refused) ... ok
test_an_axi_stop_keeps_the_partial_round_and_interrupt_evidence (test_claimb_board_driver.DriverTests.test_an_axi_stop_keeps_the_partial_round_and_interrupt_evidence) ... STOP: known_answer stopped
  evidence: /tmp/claimb-driver-test-1dgoodg6/record.json
ok
test_the_cli_exposes_no_authority_or_relaxation_argument (test_claimb_board_driver.DriverTests.test_the_cli_exposes_no_authority_or_relaxation_argument) ... ok
test_the_exact_production_prefix_precedes_the_round (test_claimb_board_driver.DriverTests.test_the_exact_production_prefix_precedes_the_round) ... ok
test_removing_require_unconfigured_is_refused (test_claimb_board_driver.MutationContractTests.test_removing_require_unconfigured_is_refused) ... ok
test_removing_same_boot_is_refused (test_claimb_board_driver.MutationContractTests.test_removing_same_boot_is_refused) ... ok
test_a_digest_mismatch_keeps_the_transaction_that_proved_it (test_claimb_board_driver.PartialRoundEvidenceTests.test_a_digest_mismatch_keeps_the_transaction_that_proved_it) ... ok
test_a_score_mismatch_keeps_both_vectors (test_claimb_board_driver.PartialRoundEvidenceTests.test_a_score_mismatch_keeps_both_vectors) ... ok
test_the_step_is_recorded_before_its_action_can_fail (test_claimb_board_driver.PartialRoundEvidenceTests.test_the_step_is_recorded_before_its_action_can_fail) ... ok
test_the_reused_loader_really_requires_an_empty_pl (test_claimb_board_driver.SetupContractTests.test_the_reused_loader_really_requires_an_empty_pl) ... ok
test_correct_ecc_does_not_authorise_out_of_whitelist_content (test_claimb_consumer_fixtures.IndependentCandidateKnownAnswers.test_correct_ecc_does_not_authorise_out_of_whitelist_content) ... ok
test_literal_fixture_is_the_pinned_envelope_size (test_claimb_consumer_fixtures.IndependentCandidateKnownAnswers.test_literal_fixture_is_the_pinned_envelope_size) ... ok
test_the_same_legal_target_edit_is_illegal_in_a_flush_frame (test_claimb_consumer_fixtures.IndependentCandidateKnownAnswers.test_the_same_legal_target_edit_is_illegal_in_a_flush_frame) ... ok
test_a_different_readback_hash_writes_no_arm (test_claimb_known_answer.ArmInterlockTests.test_a_different_readback_hash_writes_no_arm) ... ok
test_configuration_valid_is_required (test_claimb_known_answer.ArmInterlockTests.test_configuration_valid_is_required) ... ok
test_holdout_is_the_same_door_with_the_mode_bit (test_claimb_known_answer.ArmInterlockTests.test_holdout_is_the_same_door_with_the_mode_bit) ... ok
test_recovery_required_is_required_clear (test_claimb_known_answer.ArmInterlockTests.test_recovery_required_is_required_clear) ... ok
test_the_capability_cannot_be_supplied_by_a_caller (test_claimb_known_answer.ArmInterlockTests.test_the_capability_cannot_be_supplied_by_a_caller) ... ok
test_the_good_path_returns_six_scores (test_claimb_known_answer.ArmInterlockTests.test_the_good_path_returns_six_scores) ... ok
test_all_twelve_candidate_scores_and_restore_scores_are_pinned (test_claimb_known_answer.ArtifactTests.test_all_twelve_candidate_scores_and_restore_scores_are_pinned) ... ok
test_every_shipped_known_bad_fixture_is_refused_for_its_reason (test_claimb_known_answer.ArtifactTests.test_every_shipped_known_bad_fixture_is_refused_for_its_reason) ... ok
test_the_consumer_does_not_import_the_producer (test_claimb_known_answer.ArtifactTests.test_the_consumer_does_not_import_the_producer) ... ok
test_the_discriminator_is_26_nonzero_bits_over_four_frames (test_claimb_known_answer.ArtifactTests.test_the_discriminator_is_26_nonzero_bits_over_four_frames) ... ok
test_the_independent_consumer_accepts (test_claimb_known_answer.ArtifactTests.test_the_independent_consumer_accepts) ... ok
test_the_producer_is_deterministic_byte_for_byte (test_claimb_known_answer.ArtifactTests.test_the_producer_is_deterministic_byte_for_byte) ... ok
test_noop_candidate_scores_restore_and_postbaseline (test_claimb_known_answer.WholeChainDryRun.test_noop_candidate_scores_restore_and_postbaseline) ... ok
test_a_normal_return_stops_without_a_conditional_negative (test_claimb_noreload_probe.ANormalReturnIsNotB1.test_a_normal_return_stops_without_a_conditional_negative) ... STOP: the transaction returned normally, so recovery_required was clear and this did not run against a faulted carrier; that is not the pre-registered B1 and no reading is issued for it
  evidence: /tmp/tmpay6n1m9s/record.json
ok
test_only_the_classifier_can_issue_the_conditional_negative (test_claimb_noreload_probe.ANormalReturnIsNotB1.test_only_the_classifier_can_issue_the_conditional_negative)
No branch of `main` may mint PASS_VERDICT for itself. ... ok
test_a1_a2_a3_are_separated_by_the_step_three_capture_not_here (test_claimb_noreload_probe.TheAFamilyFault.test_a1_a2_a3_are_separated_by_the_step_three_capture_not_here)
The tool must not pretend to answer what only the staging copy can answer. ... ok
test_the_fault_branch_never_writes_again (test_claimb_noreload_probe.TheAFamilyFault.test_the_fault_branch_never_writes_again) ... STOP: ProbeStop: diagnostic_no_op stopped: the engine faulted during pass 2 of envelope 0: fault_code 8 (readback)
  evidence: /tmp/tmp_b3hq112/record.json
ok
test_the_specified_fault_stops_with_its_shape_preserved (test_claimb_noreload_probe.TheAFamilyFault.test_the_specified_fault_stops_with_its_shape_preserved) ... STOP: ProbeStop: diagnostic_no_op stopped: the engine faulted during pass 2 of envelope 0: fault_code 8 (readback)
  evidence: /tmp/tmp07zhol8w/record.json
ok
test_a_clean_second_transaction_is_recognised_from_the_refusal (test_claimb_noreload_probe.TheB1ConditionalNegative.test_a_clean_second_transaction_is_recognised_from_the_refusal) ... STOP: THE DIAGNOSTIC NO-OP PASSED; CONDITIONAL NEGATIVE FOR STRICT H-STALE — this run did not observe its own starting content, so this is not a refutation
  evidence: /tmp/tmp2w7xi1zz/record.json
ok
test_a_sticky_refusal_without_the_status_is_not_promoted (test_claimb_noreload_probe.TheB1ConditionalNegative.test_a_sticky_refusal_without_the_status_is_not_promoted)
The refusal text alone must not be enough; the status has to agree. ... STOP: ProbeStop: diagnostic_no_op stopped: configuration_valid is set but recovery_required is still set: a fault happened since the carrier was loaded, and what was written before it may never be scored
  evidence: /tmp/tmpxo3on0f1/record.json
ok
test_the_four_fields_are_reconstructed_from_the_telemetry (test_claimb_noreload_probe.TheB1ConditionalNegative.test_the_four_fields_are_reconstructed_from_the_telemetry)
15/15, configuration_valid, no fault, sticky recovery — recovered, not lost. ... STOP: THE DIAGNOSTIC NO-OP PASSED; CONDITIONAL NEGATIVE FOR STRICT H-STALE — this run did not observe its own starting content, so this is not a refutation
  evidence: /tmp/tmp15alr7sx/record.json
ok
test_the_pass_verdict_is_conditional_and_never_a_refutation (test_claimb_noreload_probe.TheB1ConditionalNegative.test_the_pass_verdict_is_conditional_and_never_a_refutation) ... STOP: THE DIAGNOSTIC NO-OP PASSED; CONDITIONAL NEGATIVE FOR STRICT H-STALE — this run did not observe its own starting content, so this is not a refutation
  evidence: /tmp/tmpzvvbp5eq/record.json
ok
test_the_reconstruction_reads_the_run_s_own_recorded_reply (test_claimb_noreload_probe.TheB1ConditionalNegative.test_the_reconstruction_reads_the_run_s_own_recorded_reply)
Not a constant: change what the board said, and the reconstruction changes. ... STOP: ProbeStop: diagnostic_no_op stopped: configuration_valid is set but recovery_required is still set: a fault happened since the carrier was loaded, and what was written before it may never be scored
  evidence: /tmp/tmp7uq6dg5x/record.json
ok
test_another_fault_code_is_recorded_as_itself (test_claimb_noreload_probe.TheB2OtherFault.test_another_fault_code_is_recorded_as_itself) ... STOP: ProbeStop: diagnostic_no_op stopped: the engine faulted during pass 2 of envelope 0: fault_code 12 (rbsync)
  evidence: /tmp/tmplls362hn/record.json
ok
test_a_malformed_marker_refuses_before_the_tty_is_opened (test_claimb_noreload_probe.TheC2Interlocks.test_a_malformed_marker_refuses_before_the_tty_is_opened) ... STOP: ValueError: --plmark '' is not sixteen lowercase hex digits, so it cannot be a marker this board's loader produced. Transcribe it from the fault run's carrier_load.log; never retype it.
  evidence: /tmp/tmpto28_smv/record.json
STOP: ValueError: --plmark 'nope' is not sixteen lowercase hex digits, so it cannot be a marker this board's loader produced. Transcribe it from the fault run's carrier_load.log; never retype it.
  evidence: /tmp/tmpn7q9izyo/record.json
STOP: ValueError: --plmark '18CD7CB81A291DE5' is not sixteen lowercase hex digits, so it cannot be a marker this board's loader produced. Transcribe it from the fault run's carrier_load.log; never retype it.
  evidence: /tmp/tmpwijvyqup/record.json
STOP: ValueError: --plmark '18cd7cb81a291de' is not sixteen lowercase hex digits, so it cannot be a marker this board's loader produced. Transcribe it from the fault run's carrier_load.log; never retype it.
  evidence: /tmp/tmp5f6qagyc/record.json
STOP: ValueError: --plmark '18cd7cb81a291de55' is not sixteen lowercase hex digits, so it cannot be a marker this board's loader produced. Transcribe it from the fault run's carrier_load.log; never retype it.
  evidence: /tmp/tmperhx847x/record.json
ok
test_a_marker_mismatch_costs_zero_transactions (test_claimb_noreload_probe.TheC2Interlocks.test_a_marker_mismatch_costs_zero_transactions) ... STOP: AxiRefusal: `plmark` is 0000000000000000, the load set 18cd7cb81a291de5: this is a different boot
  evidence: /tmp/tmp3zo2bd6c/record.json
ok
test_an_identity_refusal_costs_zero_transactions (test_claimb_noreload_probe.TheC2Interlocks.test_an_identity_refusal_costs_zero_transactions) ... STOP: RuntimeError: boardid is '4203', this run is preregistered for '17A6'
  evidence: /tmp/tmpbbjg8n1y/record.json
ok
test_no_stop_path_interrupts_the_console (test_claimb_noreload_probe.TheEntrypointSendsNoConsoleActionOfItsOwn.test_no_stop_path_interrupts_the_console) ... STOP: THE DIAGNOSTIC NO-OP PASSED; CONDITIONAL NEGATIVE FOR STRICT H-STALE — this run did not observe its own starting content, so this is not a refutation
  evidence: /tmp/tmpv7m8sll1/record.json
STOP: ProbeStop: diagnostic_no_op stopped: the engine faulted during pass 2 of envelope 0: fault_code 8 (readback)
  evidence: /tmp/tmp5uuqo0k2/record.json
STOP: ProbeStop: diagnostic_no_op stopped: the engine faulted during pass 2 of envelope 0: fault_code 12 (rbsync)
  evidence: /tmp/tmpq1dyt8k4/record.json
STOP: AxiRefusal: `plmark` is 0000000000000000: this is a different boot
  evidence: /tmp/tmpbpuk6czj/record.json
STOP: RuntimeError: boardid is '4203'
  evidence: /tmp/tmprcc6qy1j/record.json
STOP: ValueError: --plmark 'nope' is not sixteen lowercase hex digits, so it cannot be a marker this board's loader produced. Transcribe it from the fault run's carrier_load.log; never retype it.
  evidence: /tmp/tmpqnc9zu8m/record.json
ok
test_the_record_says_so_and_the_source_cannot_take_it_back (test_claimb_noreload_probe.TheEntrypointSendsNoConsoleActionOfItsOwn.test_the_record_says_so_and_the_source_cannot_take_it_back) ... STOP: THE DIAGNOSTIC NO-OP PASSED; CONDITIONAL NEGATIVE FOR STRICT H-STALE — this run did not observe its own starting content, so this is not a refutation
  evidence: /tmp/tmpfp2zau0q/record.json
ok
test_a_normal_run_leaves_no_partial_behind (test_claimb_noreload_probe.TheEvidenceDestinationIsClaimedFirst.test_a_normal_run_leaves_no_partial_behind) ... STOP: THE DIAGNOSTIC NO-OP PASSED; CONDITIONAL NEGATIVE FOR STRICT H-STALE — this run did not observe its own starting content, so this is not a refutation
  evidence: /tmp/tmpgm9b83ji/record.json
ok
test_a_stale_reservation_stops_the_run (test_claimb_noreload_probe.TheEvidenceDestinationIsClaimedFirst.test_a_stale_reservation_stops_the_run) ... STOP: /tmp/tmpmehpzs43/record.json.part already exists, so an earlier run did not finish writing. Look at it before starting another.
ok
test_an_existing_record_is_never_overwritten (test_claimb_noreload_probe.TheEvidenceDestinationIsClaimedFirst.test_an_existing_record_is_never_overwritten) ... STOP: /tmp/tmp508v6cnn/record.json already exists; this entrypoint never overwrites evidence. Choose a new path or move the old record aside.
ok
test_an_unwritable_destination_stops_before_board_contact (test_claimb_noreload_probe.TheEvidenceDestinationIsClaimedFirst.test_an_unwritable_destination_stops_before_board_contact) ... STOP: cannot reserve /tmp/tmpx6drw3j9/locked/record.json.part: [Errno 13] Permission denied: '/tmp/tmpx6drw3j9/locked/record.json.part'. The destination has to be writable before the board is touched, not after.
ok
test_the_cli_offers_nothing_but_the_three_permitted_options (test_claimb_noreload_probe.TheStructuralGateHolds.test_the_cli_offers_nothing_but_the_three_permitted_options) ... ok
test_the_module_cannot_name_the_reload_or_evaluation_paths (test_claimb_noreload_probe.TheStructuralGateHolds.test_the_module_cannot_name_the_reload_or_evaluation_paths) ... ok
test_the_round_is_reached_from_exactly_one_place (test_claimb_noreload_probe.TheStructuralGateHolds.test_the_round_is_reached_from_exactly_one_place) ... ok
test_the_shipped_driver_is_accepted (test_claimb_noreload_probe.TheStructuralGateHolds.test_the_shipped_driver_is_accepted) ... ok
test_an_axi_fault_keeps_the_round_and_interrupt_evidence (test_claimb_postfault_capture.DriverTests.test_an_axi_fault_keeps_the_round_and_interrupt_evidence) ... STOP: known_answer stopped
  evidence: /tmp/claimb-postfault-driver-test-e9zkfkeh/record.json
ok
test_the_cli_has_only_logistics_arguments_and_all_interlocks (test_claimb_postfault_capture.DriverTests.test_the_cli_has_only_logistics_arguments_and_all_interlocks) ... ok
test_the_exact_production_prefix_precedes_the_two_step_capture (test_claimb_postfault_capture.DriverTests.test_the_exact_production_prefix_precedes_the_two_step_capture) ... STOP: known_answer passed; the requested post-fault state was not created
  evidence: /tmp/claimb-postfault-driver-test-gf8ozyf1/record.json
ok
test_a_fault_keeps_the_failed_step_and_child_evidence (test_claimb_postfault_capture.RoundTests.test_a_fault_keeps_the_failed_step_and_child_evidence) ... ok
test_an_unexpected_pass_stops_after_two_steps_without_evaluation (test_claimb_postfault_capture.RoundTests.test_an_unexpected_pass_stops_after_two_steps_without_evaluation) ... ok
test_the_round_rejects_unreviewed_authorities_before_a_write (test_claimb_postfault_capture.RoundTests.test_the_round_rejects_unreviewed_authorities_before_a_write) ... ok
test_the_tool_has_its_own_evidence_identity (test_claimb_postfault_capture.RoundTests.test_the_tool_has_its_own_evidence_identity) ... ok
test_a_draft_manifest_refuses_everything (test_claimb_r1p_adjudicate.Binding.test_a_draft_manifest_refuses_everything) ... ok
test_another_seed_or_session_is_refused_by_name (test_claimb_r1p_adjudicate.Binding.test_another_seed_or_session_is_refused_by_name) ... ok
test_s3s_evidence_is_refused_as_claim_b_data (test_claimb_r1p_adjudicate.Binding.test_s3s_evidence_is_refused_as_claim_b_data) ... ok
test_pins_refuse_a_manifest_without_hashes_and_a_wrong_hash (test_claimb_r1p_adjudicate.Pins.test_pins_refuse_a_manifest_without_hashes_and_a_wrong_hash) ... ok
test_a_positive_primary_is_read_as_positive (test_claimb_r1p_adjudicate.RoundLayer.test_a_positive_primary_is_read_as_positive)
The decision rule can also say yes: lift map-guided in ≥ 12 blocks. ... ok
test_a_run_equal_to_the_prediction_passes_and_reads_the_negative (test_claimb_r1p_adjudicate.RoundLayer.test_a_run_equal_to_the_prediction_passes_and_reads_the_negative) ... ok
test_a_span_past_the_window_is_a_hold (test_claimb_r1p_adjudicate.RoundLayer.test_a_span_past_the_window_is_a_hold) ... ok
test_a_stopped_run_is_a_hold (test_claimb_r1p_adjudicate.RoundLayer.test_a_stopped_run_is_a_hold) ... ok
test_instrument_findings_propagate (test_claimb_r1p_adjudicate.RoundLayer.test_instrument_findings_propagate) ... ok
test_one_altered_score_is_a_hold_naming_the_seq (test_claimb_r1p_adjudicate.RoundLayer.test_one_altered_score_is_a_hold_naming_the_seq) ... ok
test_regenerated_table_equals_the_committed_one (test_claimb_r1p_instrument.PinTable.test_regenerated_table_equals_the_committed_one) ... ok
test_table_names_the_manifest_commit_and_every_pinned_file (test_claimb_r1p_instrument.PinTable.test_table_names_the_manifest_commit_and_every_pinned_file) ... ok
test_table_pins_the_authority_files_by_name (test_claimb_r1p_instrument.PinTable.test_table_pins_the_authority_files_by_name) ... ok
test_verify_passes_and_bind_puts_the_instrument_first (test_claimb_r1p_instrument.PinTable.test_verify_passes_and_bind_puts_the_instrument_first) ... ok
test_a_manifest_pinning_another_commit_is_refused (test_claimb_r1p_instrument.Refusals.test_a_manifest_pinning_another_commit_is_refused) ... ok
test_a_missing_checkout_is_refused (test_claimb_r1p_instrument.Refusals.test_a_missing_checkout_is_refused) ... ok
test_a_table_from_another_commit_is_refused (test_claimb_r1p_instrument.Refusals.test_a_table_from_another_commit_is_refused) ... ok
test_one_altered_hash_is_refused_by_name (test_claimb_r1p_instrument.Refusals.test_one_altered_hash_is_refused_by_name) ... ok
test_additive_table_agrees_with_p3s_exact_predictor (test_claimb_r1p_model.BitTable.test_additive_table_agrees_with_p3s_exact_predictor) ... ok
test_base_scores (test_claimb_r1p_model.BitTable.test_base_scores) ... ok
test_every_candidate_gain_is_within_plus_minus_mutation_bits (test_claimb_r1p_model.BitTable.test_every_candidate_gain_is_within_plus_minus_mutation_bits) ... ok
test_exact_expectations_are_linear_in_mutation_bits (test_claimb_r1p_model.BitTable.test_exact_expectations_are_linear_in_mutation_bits) ... ok
test_shape_of_the_table (test_claimb_r1p_model.BitTable.test_shape_of_the_table) ... ok
test_prediction_hashes_to_the_manifest_pin (test_claimb_r1p_model.CommittedPrediction.test_prediction_hashes_to_the_manifest_pin) ... ok
test_prediction_pins_the_plan_and_the_instrument (test_claimb_r1p_model.CommittedPrediction.test_prediction_pins_the_plan_and_the_instrument) ... ok
test_prediction_regenerates_identically_from_the_plan (test_claimb_r1p_model.CommittedPrediction.test_prediction_regenerates_identically_from_the_plan) ... ok
test_the_predicted_outcome_is_the_negative_by_arithmetic (test_claimb_r1p_model.CommittedPrediction.test_the_predicted_outcome_is_the_negative_by_arithmetic) ... ok
test_primary_true_only_at_or_above_the_threshold (test_claimb_r1p_model.Metrics.test_primary_true_only_at_or_above_the_threshold) ... ok
test_secondary_is_the_per_pair_paired_difference (test_claimb_r1p_model.Metrics.test_secondary_is_the_per_pair_paired_difference) ... ok
test_ties_count_against_and_negatives_are_counted (test_claimb_r1p_model.Metrics.test_ties_count_against_and_negatives_are_counted) ... ok
test_too_few_pairs_is_an_error_not_a_short_table (test_claimb_r1p_model.Metrics.test_too_few_pairs_is_an_error_not_a_short_table) ... ok
test_audit_schedule_frames_and_budgets_are_the_soaks_rules (test_claimb_r1p_plan.CommittedPlan.test_audit_schedule_frames_and_budgets_are_the_soaks_rules) ... ok
test_blocks_cover_the_pairs (test_claimb_r1p_plan.CommittedPlan.test_blocks_cover_the_pairs) ... ok
test_compatibility_drift_is_a_refusal (test_claimb_r1p_plan.CommittedPlan.test_compatibility_drift_is_a_refusal) ... ok
test_n_follows_the_formula_with_the_slower_arm_and_fits_the_window (test_claimb_r1p_plan.CommittedPlan.test_n_follows_the_formula_with_the_slower_arm_and_fits_the_window) ... ok
test_plan_hashes_to_the_manifest_pin_and_names_the_manifest_seed (test_claimb_r1p_plan.CommittedPlan.test_plan_hashes_to_the_manifest_pin_and_names_the_manifest_seed) ... ok
test_plan_regenerates_identically (test_claimb_r1p_plan.CommittedPlan.test_plan_regenerates_identically) ... ok
test_the_check_detects_a_collision (test_claimb_r1p_plan.PairSeedExclusion.test_the_check_detects_a_collision) ... ok
test_the_committed_seed_has_none (test_claimb_r1p_plan.PairSeedExclusion.test_the_committed_seed_has_none) ... ok
test_a_digest_of_all_excluded_windows_is_an_error (test_claimb_r1p_plan.SeedRule.test_a_digest_of_all_excluded_windows_is_an_error) ... ok
test_every_l6_and_l5_seed_is_excluded (test_claimb_r1p_plan.SeedRule.test_every_l6_and_l5_seed_is_excluded) ... ok
test_rule_advances_past_an_excluded_value (test_claimb_r1p_plan.SeedRule.test_rule_advances_past_an_excluded_value) ... ok
test_rule_is_the_digest_prefix_and_records_its_derivation (test_claimb_r1p_plan.SeedRule.test_rule_is_the_digest_prefix_and_records_its_derivation) ... ok
test_a_consumed_ruling_is_refused (test_claimb_r1p_runner.RefusalOrder.test_a_consumed_ruling_is_refused) ... ok
test_bind_ruling_checks_every_field (test_claimb_r1p_runner.RefusalOrder.test_bind_ruling_checks_every_field) ... ok
test_frozen_but_the_boundary_record_is_stale_or_another_users (test_claimb_r1p_runner.RefusalOrder.test_frozen_but_the_boundary_record_is_stale_or_another_users)
The record on disk is from 2026-09-04: it is > 6 h old, so `boundary_established` ... ok
test_frozen_but_the_document_does_not_hash (test_claimb_r1p_runner.RefusalOrder.test_frozen_but_the_document_does_not_hash) ... ok
test_frozen_but_the_image_is_missing (test_claimb_r1p_runner.RefusalOrder.test_frozen_but_the_image_is_missing) ... ok
test_frozen_but_the_image_is_not_the_pinned_bytes (test_claimb_r1p_runner.RefusalOrder.test_frozen_but_the_image_is_not_the_pinned_bytes) ... ok
test_frozen_but_the_plan_pin_is_wrong (test_claimb_r1p_runner.RefusalOrder.test_frozen_but_the_plan_pin_is_wrong) ... ok
test_frozen_but_the_ruling_is_bound_to_another_manifest (test_claimb_r1p_runner.RefusalOrder.test_frozen_but_the_ruling_is_bound_to_another_manifest) ... ok
test_frozen_but_the_ruling_is_bound_to_another_seed (test_claimb_r1p_runner.RefusalOrder.test_frozen_but_the_ruling_is_bound_to_another_seed) ... ok
test_missing_provisioning_ruling (test_claimb_r1p_runner.RefusalOrder.test_missing_provisioning_ruling) ... ok
test_the_committed_manifest_is_a_draft_and_refuses (test_claimb_r1p_runner.RefusalOrder.test_the_committed_manifest_is_a_draft_and_refuses) ... ok
test_the_os_user_is_the_effective_uid_not_an_environment_variable (test_claimb_r1p_runner.RefusalOrder.test_the_os_user_is_the_effective_uid_not_an_environment_variable) ... ok
test_wrong_board (test_claimb_r1p_runner.RefusalOrder.test_wrong_board) ... ok
test_wrong_ruling_text (test_claimb_r1p_runner.RefusalOrder.test_wrong_ruling_text) ... ok
test_its_word_15_is_the_configuration_idcode (test_config_idcode_agreement.TheBenchFixtureIsTheHostsBytes.test_its_word_15_is_the_configuration_idcode) ... ok
test_no_verilog_bench_retypes_the_jtag_idcode_as_a_stream_word (test_config_idcode_agreement.TheBenchFixtureIsTheHostsBytes.test_no_verilog_bench_retypes_the_jtag_idcode_as_a_stream_word)
0x13722093 may appear as a negative control, never as an envelope's word 15. ... ok
test_the_fixture_exists_and_is_one_envelope (test_config_idcode_agreement.TheBenchFixtureIsTheHostsBytes.test_the_fixture_exists_and_is_one_envelope) ... ok
setUpClass (test_config_idcode_agreement.TheFourSourcesAgree) ... skipped 'the run is not a published authority here: the carrier run is not a published authority: 1 tracked file(s) differ from HEAD in the working tree or the index, so this verdict would describe an edited copy rather than what is published'
test_every_listed_file_exists_and_matches_its_hash (test_evidence_manifests.EvidenceManifestTests.test_every_listed_file_exists_and_matches_its_hash) ... ok
test_every_listed_file_is_tracked (test_evidence_manifests.EvidenceManifestTests.test_every_listed_file_is_tracked) ... ok
test_nothing_under_evidence_is_excluded_by_gitignore (test_evidence_manifests.EvidenceManifestTests.test_nothing_under_evidence_is_excluded_by_gitignore)
The universal guard, and the one that would have caught the original defect. ... ok
test_the_hash_note_is_present_and_does_not_overclaim (test_evidence_manifests.EvidenceManifestTests.test_the_hash_note_is_present_and_does_not_overclaim)
A manifest of hashes invites being read as provenance. Say what it is. ... ok
test_there_is_at_least_one_manifest_to_check (test_evidence_manifests.EvidenceManifestTests.test_there_is_at_least_one_manifest_to_check)
Otherwise every case below passes by having nothing to look at. ... ok
test_120_is_not_in_the_commitment_and_comes_from_the_variant_topology (test_ff_builder.AuthorityTests.test_120_is_not_in_the_commitment_and_comes_from_the_variant_topology) ... ok
test_authority_b_resolves_from_history_and_not_from_the_working_tree (test_ff_builder.AuthorityTests.test_authority_b_resolves_from_history_and_not_from_the_working_tree) ... ok
test_the_builder_refuses_to_start_without_git_history (test_ff_builder.AuthorityTests.test_the_builder_refuses_to_start_without_git_history)
History-independent: this is what the archive run asserts about authority B. ... ok
test_the_commitment_hash_and_counts_are_asserted_before_anything_is_built (test_ff_builder.AuthorityTests.test_the_commitment_hash_and_counts_are_asserted_before_anything_is_built) ... ok
test_the_variant_table_matches_the_commitment_in_both_directions (test_ff_builder.AuthorityTests.test_the_variant_table_matches_the_commitment_in_both_directions) ... ok
test_a_second_difference_is_unexpected (test_ff_builder.DerivedComparisonTests.test_a_second_difference_is_unexpected) ... ok
test_only_the_one_init_may_change (test_ff_builder.DerivedComparisonTests.test_only_the_one_init_may_change) ... ok
test_a_derived_specimen_pinned_to_another_base_is_refused (test_ff_builder.DiagnosticArtifactGateTests.test_a_derived_specimen_pinned_to_another_base_is_refused) ... ok
test_a_drifted_stamp_source_hash_is_refused (test_ff_builder.DiagnosticArtifactGateTests.test_a_drifted_stamp_source_hash_is_refused) ... ok
test_a_missing_specimen_is_refused (test_ff_builder.DiagnosticArtifactGateTests.test_a_missing_specimen_is_refused) ... ok
test_a_substituted_bitstream_is_refused (test_ff_builder.DiagnosticArtifactGateTests.test_a_substituted_bitstream_is_refused) ... ok
test_the_untampered_tree_passes (test_ff_builder.DiagnosticArtifactGateTests.test_the_untampered_tree_passes) ... ok
test_a_retry_archives_before_rebuilding_rather_than_overwriting (test_ff_builder.EvidenceTests.test_a_retry_archives_before_rebuilding_rather_than_overwriting) ... ok
test_an_existing_attempt_directory_is_never_overwritten (test_ff_builder.EvidenceTests.test_an_existing_attempt_directory_is_never_overwritten) ... ok
test_it_refuses_to_write_into_the_certification_path (test_ff_builder.MineDiagnosticTests.test_it_refuses_to_write_into_the_certification_path) ... ok
test_it_reuses_the_measurement_core_and_defines_no_classifier_of_its_own (test_ff_builder.MineDiagnosticTests.test_it_reuses_the_measurement_core_and_defines_no_classifier_of_its_own) ... ok
test_only_the_committed_mine_site_is_accepted (test_ff_builder.MineDiagnosticTests.test_only_the_committed_mine_site_is_accepted)
Checked through the pure scope function, for the second time in this file. ... ok
test_the_false_positive_rule_has_exactly_one_definition_in_the_repo (test_ff_builder.MineDiagnosticTests.test_the_false_positive_rule_has_exactly_one_definition_in_the_repo)
Lives here, not with the artifact-gated negatives, because it needs no build. ... ok
test_the_false_positive_rule_is_exercised_and_not_merely_present (test_ff_builder.MineDiagnosticTests.test_the_false_positive_rule_is_exercised_and_not_merely_present) ... ok
test_the_output_cannot_be_mistaken_for_a_certificate (test_ff_builder.MineDiagnosticTests.test_the_output_cannot_be_mistaken_for_a_certificate) ... ok
test_a_dedicated_net_gaining_a_target_sink_stops_being_dedicated (test_ff_builder.NetClassificationTests.test_a_dedicated_net_gaining_a_target_sink_stops_being_dedicated) ... ok
test_a_net_that_also_reaches_the_target_is_shared (test_ff_builder.NetClassificationTests.test_a_net_that_also_reaches_the_target_is_shared) ... ok
test_a_net_wholly_inside_the_subgraph_is_dedicated (test_ff_builder.NetClassificationTests.test_a_net_wholly_inside_the_subgraph_is_dedicated) ... ok
test_an_output_buffer_fed_by_an_anchor_counts_as_inside (test_ff_builder.NetClassificationTests.test_an_output_buffer_fed_by_an_anchor_counts_as_inside) ... ok
test_braced_pin_names_are_parsed (test_ff_builder.NetClassificationTests.test_braced_pin_names_are_parsed) ... ok
test_a_moved_anchor_fails_tier_1 (test_ff_builder.PairComparisonTests.test_a_moved_anchor_fails_tier_1) ... ok
test_a_rerouted_dedicated_net_fails_tier_2 (test_ff_builder.PairComparisonTests.test_a_rerouted_dedicated_net_fails_tier_2) ... ok
test_a_shared_net_difference_is_reported_and_does_not_fail (test_ff_builder.PairComparisonTests.test_a_shared_net_difference_is_reported_and_does_not_fail) ... ok
test_an_inversion_attribute_change_fails_tier_1 (test_ff_builder.PairComparisonTests.test_an_inversion_attribute_change_fails_tier_1) ... ok
test_identical_ends_pass_with_no_diffs (test_ff_builder.PairComparisonTests.test_identical_ends_pass_with_no_diffs) ... ok
test_a_holdout_instance_is_refused_and_the_mine_site_is_accepted (test_ff_builder.ScopeDisciplineTests.test_a_holdout_instance_is_refused_and_the_mine_site_is_accepted) ... ok
test_the_builder_never_reads_the_predicted_bits (test_ff_builder.ScopeDisciplineTests.test_the_builder_never_reads_the_predicted_bits) ... ok
test_there_is_no_subset_flag_beyond_the_mine_instance (test_ff_builder.ScopeDisciplineTests.test_there_is_no_subset_flag_beyond_the_mine_instance) ... ok
test_a_target_outside_row_25_is_refused (test_ff_builder.SiteMappingTests.test_a_target_outside_row_25_is_refused) ... ok
test_no_anchor_or_keeper_can_ever_be_a_target (test_ff_builder.SiteMappingTests.test_no_anchor_or_keeper_can_ever_be_a_target) ... ok
test_the_lutram_keeper_rule_would_have_collided_at_every_instance (test_ff_builder.SiteMappingTests.test_the_lutram_keeper_rule_would_have_collided_at_every_instance) ... ok
test_the_mapping_comes_from_the_rule_and_has_24_distinct_sites (test_ff_builder.SiteMappingTests.test_the_mapping_comes_from_the_rule_and_has_24_distinct_sites) ... ok
test_a_derived_node_pinned_to_another_base_refuses (test_ff_builder.StampAndLockTests.test_a_derived_node_pinned_to_another_base_refuses) ... ok
test_a_matching_stamp_is_the_only_path_to_reuse (test_ff_builder.StampAndLockTests.test_a_matching_stamp_is_the_only_path_to_reuse) ... ok
test_a_second_builder_exits_instead_of_waiting_and_the_lock_is_not_auto_cleared (test_ff_builder.StampAndLockTests.test_a_second_builder_exits_instead_of_waiting_and_the_lock_is_not_auto_cleared) ... ok
test_an_incomplete_stamp_is_failed_not_refused (test_ff_builder.StampAndLockTests.test_an_incomplete_stamp_is_failed_not_refused) ... ok
test_every_tampering_case_refuses_and_names_its_reason (test_ff_builder.StampAndLockTests.test_every_tampering_case_refuses_and_names_its_reason) ... ok
test_report_only_cannot_bypass_verification (test_ff_builder.StampAndLockTests.test_report_only_cannot_bypass_verification) ... ok
test_the_stamp_is_written_atomically_and_leaves_no_temporary (test_ff_builder.StampAndLockTests.test_the_stamp_is_written_atomically_and_leaves_no_temporary) ... ok
test_a_bitstream_reference_that_drifted_from_the_staging_is_refused (test_ff_certifier.CertifierTests.test_a_bitstream_reference_that_drifted_from_the_staging_is_refused) ... ok
test_a_candidate_the_consumer_would_reject_is_never_written (test_ff_certifier.CertifierTests.test_a_candidate_the_consumer_would_reject_is_never_written)
The staged bitstream is corrupted after the measurement, so the record is ... ok
test_a_clean_16_run_certifies_and_the_consumer_accepts_it (test_ff_certifier.CertifierTests.test_a_clean_16_run_certifies_and_the_consumer_accepts_it) ... ok
test_a_manifest_and_measurement_disagreeing_on_the_commitment_is_refused (test_ff_certifier.CertifierTests.test_a_manifest_and_measurement_disagreeing_on_the_commitment_is_refused) ... ok
test_a_manifest_for_another_run_is_refused (test_ff_certifier.CertifierTests.test_a_manifest_for_another_run_is_refused) ... ok
test_a_manifest_that_is_not_a_manifest_is_refused (test_ff_certifier.CertifierTests.test_a_manifest_that_is_not_a_manifest_is_refused)
Re-validated here, not taken on the measurement's word. ... ok
test_a_manifest_that_moved_since_the_measurement_is_refused (test_ff_certifier.CertifierTests.test_a_manifest_that_moved_since_the_measurement_is_refused) ... ok
test_a_measured_set_smaller_than_the_staging_is_refused (test_ff_certifier.CertifierTests.test_a_measured_set_smaller_than_the_staging_is_refused) ... ok
test_a_measurement_pinning_another_commitment_is_refused (test_ff_certifier.CertifierTests.test_a_measurement_pinning_another_commitment_is_refused) ... ok
test_a_measurement_pinning_another_predictions_file_is_refused (test_ff_certifier.CertifierTests.test_a_measurement_pinning_another_predictions_file_is_refused) ... ok
test_a_measurement_without_a_staging_manifest_is_refused (test_ff_certifier.CertifierTests.test_a_measurement_without_a_staging_manifest_is_refused) ... ok
test_a_record_that_is_not_a_measurement_is_refused (test_ff_certifier.CertifierTests.test_a_record_that_is_not_a_measurement_is_refused) ... ok
test_a_reference_that_is_not_the_staging_entry_verbatim_is_refused (test_ff_certifier.CertifierTests.test_a_reference_that_is_not_the_staging_entry_verbatim_is_refused)
Adding a field keeps every value true and still breaks the equality the ... ok
test_a_reference_the_certificate_cannot_represent_is_refused_not_trimmed (test_ff_certifier.CertifierTests.test_a_reference_the_certificate_cannot_represent_is_refused_not_trimmed)
The difference between copying and rebuilding, made observable. ... ok
test_a_semantic_only_failure_still_certifies_as_address_passed (test_ff_certifier.CertifierTests.test_a_semantic_only_failure_still_certifies_as_address_passed)
A real one, not a fabricated flag: the assertion is pointed at a field whose ... ok
test_a_specimen_identity_that_differs_from_the_commitment_is_refused (test_ff_certifier.CertifierTests.test_a_specimen_identity_that_differs_from_the_commitment_is_refused) ... ok
test_a_specimen_the_commitment_never_named_is_refused (test_ff_certifier.CertifierTests.test_a_specimen_the_commitment_never_named_is_refused) ... ok
test_an_address_problem_fails_the_certificate (test_ff_certifier.CertifierTests.test_an_address_problem_fails_the_certificate) ... ok
test_an_older_measurement_is_refused_however_consistent_it_is (test_ff_certifier.CertifierTests.test_an_older_measurement_is_refused_however_consistent_it_is) ... ok
test_the_staging_reference_is_the_measurements_object_verbatim (test_ff_certifier.CertifierTests.test_the_staging_reference_is_the_measurements_object_verbatim) ... ok
test_the_tool_versions_name_what_actually_produced_the_record (test_ff_certifier.CertifierTests.test_the_tool_versions_name_what_actually_produced_the_record) ... ok
test_a_cache_too_small_to_hold_a_pair_is_refused (test_ff_measure_staging.FrameCacheTests.test_a_cache_too_small_to_hold_a_pair_is_refused) ... ok
test_a_repeat_after_eviction_goes_back_through_the_loader (test_ff_measure_staging.FrameCacheTests.test_a_repeat_after_eviction_goes_back_through_the_loader)
Which is what keeps the hash check covering the whole run, not just the ... ok
test_it_is_least_recently_used_so_a_shared_baseline_stays (test_ff_measure_staging.FrameCacheTests.test_it_is_least_recently_used_so_a_shared_baseline_stays)
Why an LRU and not a per-pair teardown: every pair in an instance is ... ok
test_the_cache_does_not_grow_with_the_committed_set (test_ff_measure_staging.FrameCacheTests.test_the_cache_does_not_grow_with_the_committed_set) ... ok
test_a_bitstream_swapped_between_verification_and_scoring_is_caught (test_ff_measure_staging.MeasurementRecordTests.test_a_bitstream_swapped_between_verification_and_scoring_is_caught)
`load_staging` hashed the file; that read is over. The tamper hook fires in the ... ok
test_a_bitstream_swapped_while_evicted_is_caught_on_the_next_use (test_ff_measure_staging.MeasurementRecordTests.test_a_bitstream_swapped_while_evicted_is_caught_on_the_next_use)
The cache is what makes this reachable: the second use of a specimen is a ... ok
test_eviction_changes_nothing_about_what_is_measured (test_ff_measure_staging.MeasurementRecordTests.test_eviction_changes_nothing_about_what_is_measured)
Run one committed set twice: once with room for every specimen, once with a ... ok
test_no_attestation_is_copied_into_the_run (test_ff_measure_staging.MeasurementRecordTests.test_no_attestation_is_copied_into_the_run) ... ok
test_the_measurement_carries_the_manifest_reference_and_the_staged_ones (test_ff_measure_staging.MeasurementRecordTests.test_the_measurement_carries_the_manifest_reference_and_the_staged_ones) ... ok
test_the_parser_is_given_the_bytes_that_were_hashed (test_ff_measure_staging.MeasurementRecordTests.test_the_parser_is_given_the_bytes_that_were_hashed)
Not "hashed, then handed a path it re-reads": the stub rewrites the file and ... ok
test_the_semantic_value_is_read_from_the_staged_attestation (test_ff_measure_staging.MeasurementRecordTests.test_the_semantic_value_is_read_from_the_staged_attestation) ... ok
test_a_refused_staging_writes_no_measurement_and_no_attestation_copies (test_ff_measure_staging.NoBuildTreeTests.test_a_refused_staging_writes_no_measurement_and_no_attestation_copies)
The promise is not "it fails", it is "it fails before writing anything". ... ok
test_the_path_builder_is_gone (test_ff_measure_staging.NoBuildTreeTests.test_the_path_builder_is_gone) ... ok
test_there_is_no_build_option (test_ff_measure_staging.NoBuildTreeTests.test_there_is_no_build_option) ... ok
test_a_committed_lfs_bitstream_passes (test_ff_measure_staging.PointerGateTests.test_a_committed_lfs_bitstream_passes) ... ok
test_a_malformed_pointer_is_refused_and_named_as_such (test_ff_measure_staging.PointerGateTests.test_a_malformed_pointer_is_refused_and_named_as_such) ... ok
test_a_path_no_filter_governs_is_refused (test_ff_measure_staging.PointerGateTests.test_a_path_no_filter_governs_is_refused)
A pointer can be correct while the rule that keeps it one has been narrowed; ... ok
test_a_pointer_naming_another_object_is_refused (test_ff_measure_staging.PointerGateTests.test_a_pointer_naming_another_object_is_refused) ... ok
test_an_ordinary_git_blob_is_refused (test_ff_measure_staging.PointerGateTests.test_an_ordinary_git_blob_is_refused)
The failure the gate exists for: 366 MiB of binary in ordinary history. ... ok
test_an_ordinary_reference_missing_from_head_is_refused (test_ff_measure_staging.PointerGateTests.test_an_ordinary_reference_missing_from_head_is_refused) ... ok
test_an_ordinary_reference_stored_as_a_pointer_is_refused (test_ff_measure_staging.PointerGateTests.test_an_ordinary_reference_stored_as_a_pointer_is_refused)
Each of the three JSON kinds on its own, because a gate that only sees the ... ok
test_the_gate_reads_head_and_not_the_working_file (test_ff_measure_staging.PointerGateTests.test_the_gate_reads_head_and_not_the_working_file)
A pointer-only checkout has bytes on disk that are not the bitstream, and a ... ok
test_without_git_authority_the_pointer_gate_refuses (test_ff_measure_staging.PointerGateTests.test_without_git_authority_the_pointer_gate_refuses) ... ok
test_a_clean_head_is_accepted (test_ff_measure_staging.PublishedEvidenceTests.test_a_clean_head_is_accepted) ... ok
test_added_to_the_index_but_never_committed_is_refused (test_ff_measure_staging.PublishedEvidenceTests.test_added_to_the_index_but_never_committed_is_refused)
The state the old check passed: `git add` makes a file tracked, and tracked is ... ok
test_an_initialised_repository_with_no_commit_is_refused (test_ff_measure_staging.PublishedEvidenceTests.test_an_initialised_repository_with_no_commit_is_refused)
`git rev-parse HEAD` fails before any commit exists — that is still no ... ok
test_committed_and_then_edited_is_refused (test_ff_measure_staging.PublishedEvidenceTests.test_committed_and_then_edited_is_refused)
Also passed before: the path is in HEAD, but not with these bytes — so a clone ... ok
test_without_git_authority_it_refuses_rather_than_assuming (test_ff_measure_staging.PublishedEvidenceTests.test_without_git_authority_it_refuses_rather_than_assuming)
The worst of the three: no git meant "nothing is untracked", which read as ... ok
test_a_bitstream_edited_after_staging_is_refused (test_ff_measure_staging.StagingContractTests.test_a_bitstream_edited_after_staging_is_refused) ... ok
test_a_complete_staging_loads_and_returns_the_manifests_own_references (test_ff_measure_staging.StagingContractTests.test_a_complete_staging_loads_and_returns_the_manifests_own_references) ... ok
test_a_drifted_commitment_projection_is_refused (test_ff_measure_staging.StagingContractTests.test_a_drifted_commitment_projection_is_refused)
`totals`, `seed` and `schema_version` are recomputed from the commitment ... ok
test_a_duplicated_specimen_id_is_refused (test_ff_measure_staging.StagingContractTests.test_a_duplicated_specimen_id_is_refused) ... ok
test_a_manifest_for_another_commitment_is_refused (test_ff_measure_staging.StagingContractTests.test_a_manifest_for_another_commitment_is_refused) ... ok
test_a_manifest_for_another_run_is_refused (test_ff_measure_staging.StagingContractTests.test_a_manifest_for_another_run_is_refused) ... ok
test_a_manifest_outside_the_repository_is_refused (test_ff_measure_staging.StagingContractTests.test_a_manifest_outside_the_repository_is_refused) ... ok
test_a_manifest_pinning_another_predictions_file_is_refused (test_ff_measure_staging.StagingContractTests.test_a_manifest_pinning_another_predictions_file_is_refused)
Same hash, different file: the path must resolve to what is being scored. ... ok
test_a_manifest_that_does_not_exist_is_refused (test_ff_measure_staging.StagingContractTests.test_a_manifest_that_does_not_exist_is_refused) ... ok
test_a_manifest_that_is_not_a_manifest_is_refused_before_anything_else (test_ff_measure_staging.StagingContractTests.test_a_manifest_that_is_not_a_manifest_is_refused_before_anything_else)
Every check below the schema reads named fields. Reading them out of a document ... ok
test_a_missing_artifact_is_refused (test_ff_measure_staging.StagingContractTests.test_a_missing_artifact_is_refused) ... ok
test_a_missing_specimen_refuses_the_whole_run (test_ff_measure_staging.StagingContractTests.test_a_missing_specimen_refuses_the_whole_run) ... ok
test_a_recipe_without_exactly_one_design_source_is_refused (test_ff_measure_staging.StagingContractTests.test_a_recipe_without_exactly_one_design_source_is_refused)
`design_source_sha256` is required on every certificate specimen and a 2.0 ... ok
test_a_schema_version_that_disagrees_with_the_manifest_is_refused (test_ff_measure_staging.StagingContractTests.test_a_schema_version_that_disagrees_with_the_manifest_is_refused) ... ok
test_a_symlink_alias_of_another_staged_file_is_refused (test_ff_measure_staging.StagingContractTests.test_a_symlink_alias_of_another_staged_file_is_refused)
No string transformation relates these two references at all. ... ok
test_a_symlinked_path_that_leaves_the_repository_is_refused (test_ff_measure_staging.StagingContractTests.test_a_symlinked_path_that_leaves_the_repository_is_refused)
The one escape the path pattern cannot see: no `..`, no leading slash, and it ... ok
test_a_traversing_or_absolute_path_never_reaches_the_filesystem (test_ff_measure_staging.StagingContractTests.test_a_traversing_or_absolute_path_never_reaches_the_filesystem)
The staging schema's own `repo_path` pattern rejects both spellings, so this ... ok
test_an_attestation_edited_after_staging_is_refused (test_ff_measure_staging.StagingContractTests.test_an_attestation_edited_after_staging_is_refused) ... ok
test_an_attestation_is_hashed_and_parsed_in_one_read (test_ff_measure_staging.StagingContractTests.test_an_attestation_is_hashed_and_parsed_in_one_read)
Same rule one level down: the semantic values are read out of the bytes whose ... ok
test_an_attestation_that_describes_another_specimen_is_refused (test_ff_measure_staging.StagingContractTests.test_an_attestation_that_describes_another_specimen_is_refused) ... ok
test_an_extra_specimen_refuses_the_whole_run (test_ff_measure_staging.StagingContractTests.test_an_extra_specimen_refuses_the_whole_run) ... ok
test_an_unpublished_reference_is_refused (test_ff_measure_staging.StagingContractTests.test_an_unpublished_reference_is_refused) ... ok
test_every_reference_kind_reaches_the_pointer_gate (test_ff_measure_staging.StagingContractTests.test_every_reference_kind_reaches_the_pointer_gate)
The gate can only judge what it is handed, and it used to be handed only the ... ok
test_the_commitment_itself_is_checked_for_publication (test_ff_measure_staging.StagingContractTests.test_the_commitment_itself_is_checked_for_publication)
Not only the 184×2 artifacts: a measurement pinning a commitment that is not ... ok
test_the_manifest_hash_follows_the_bytes (test_ff_measure_staging.StagingContractTests.test_the_manifest_hash_follows_the_bytes)
A reference that copied a field would not move when the file did. ... ok
test_the_manifest_is_hashed_and_parsed_in_one_read (test_ff_measure_staging.StagingContractTests.test_the_manifest_is_hashed_and_parsed_in_one_read)
Hash the path, re-open it, and a swap in between yields a record that pins A ... ok
test_two_entries_pointing_at_one_file_are_refused (test_ff_measure_staging.StagingContractTests.test_two_entries_pointing_at_one_file_are_refused)
Set equality alone would accept this: two ids, two entries, one bitstream. ... ok
test_two_spellings_of_one_file_are_still_one_file (test_ff_measure_staging.StagingContractTests.test_two_spellings_of_one_file_are_still_one_file)
The reference strings differ, so a string-keyed check reports two staged ... ok
test_complementary_features_share_one_accounting_record (test_ff_plan.CommittedPairAccountingTests.test_complementary_features_share_one_accounting_record) ... ok
test_every_pair_scope_covers_all_of_its_features (test_ff_plan.CommittedPairAccountingTests.test_every_pair_scope_covers_all_of_its_features) ... ok
test_the_accounting_key_is_the_unordered_pair (test_ff_plan.CommittedPairAccountingTests.test_the_accounting_key_is_the_unordered_pair) ... ok
test_the_direction_still_names_which_end_asserts (test_ff_plan.CommittedPairAccountingTests.test_the_direction_still_names_which_end_asserts) ... ok
test_the_pair_alarm_names_fields_the_record_actually_has (test_ff_plan.CommittedPairAccountingTests.test_the_pair_alarm_names_fields_the_record_actually_has) ... ok
test_both_endpoints_of_every_pair_are_committed (test_ff_plan.FfPlanTests.test_both_endpoints_of_every_pair_are_committed) ... ok
test_complementary_clock_features_share_one_address (test_ff_plan.FfPlanTests.test_complementary_clock_features_share_one_address) ... ok
test_every_feature_has_exactly_one_endpoint_pair (test_ff_plan.FfPlanTests.test_every_feature_has_exactly_one_endpoint_pair) ... ok
test_every_frozen_entry_is_asserted_exactly_once (test_ff_plan.FfPlanTests.test_every_frozen_entry_is_asserted_exactly_once) ... ok
test_every_rule_is_single_bit_and_addressed_by_the_normative_arithmetic (test_ff_plan.FfPlanTests.test_every_rule_is_single_bit_and_addressed_by_the_normative_arithmetic) ... ok
test_four_features_are_claimed_to_assert_in_the_baseline (test_ff_plan.FfPlanTests.test_four_features_are_claimed_to_assert_in_the_baseline) ... ok
test_manifest_denominator_and_totals_agree (test_ff_plan.FfPlanTests.test_manifest_denominator_and_totals_agree) ... ok
test_prediction_records_carry_exactly_the_1_5_contract_fields (test_ff_plan.FfPlanTests.test_prediction_records_carry_exactly_the_1_5_contract_fields) ... ok
test_semantic_assertions_are_scalar_and_point_into_the_attestation (test_ff_plan.FfPlanTests.test_semantic_assertions_are_scalar_and_point_into_the_attestation) ... ok
test_split_leaves_the_established_site_unable_to_score (test_ff_plan.FfPlanTests.test_split_leaves_the_established_site_unable_to_score) ... ok
test_the_asserted_endpoint_is_a_refutable_direction (test_ff_plan.FfPlanTests.test_the_asserted_endpoint_is_a_refutable_direction) ... ok
test_the_emitter_refuses_to_write_a_commitment_while_the_hold_stands (test_ff_plan.FfPlanTests.test_the_emitter_refuses_to_write_a_commitment_while_the_hold_stands) ... ok
test_the_hold_is_lifted_and_the_committed_plan_is_frozen (test_ff_plan.FfPlanTests.test_the_hold_is_lifted_and_the_committed_plan_is_frozen) ... ok
test_the_latch_pair_is_against_its_control_matched_baseline (test_ff_plan.FfPlanTests.test_the_latch_pair_is_against_its_control_matched_baseline) ... ok
test_the_negated_tokens_are_exactly_the_noclkinv_features (test_ff_plan.FfPlanTests.test_the_negated_tokens_are_exactly_the_noclkinv_features) ... ok
test_the_pair_set_is_a_consequence_of_the_commitment (test_ff_plan.FfPlanTests.test_the_pair_set_is_a_consequence_of_the_commitment) ... ok
test_the_manifest_hashes_match_the_files_it_names (test_ff_plan.LatchProbeEvidenceTests.test_the_manifest_hashes_match_the_files_it_names) ... ok
test_the_recorded_result_is_the_one_the_documents_cite (test_ff_plan.LatchProbeEvidenceTests.test_the_recorded_result_is_the_one_the_documents_cite) ... ok
test_the_unbuildable_mode_carries_its_own_log_not_a_pointer_into_build (test_ff_plan.LatchProbeEvidenceTests.test_the_unbuildable_mode_carries_its_own_log_not_a_pointer_into_build) ... ok
test_a_failed_build_of_this_recipe_is_distinguished_from_a_stale_one (test_ff_plan.LatchProbeScopeTests.test_a_failed_build_of_this_recipe_is_distinguished_from_a_stale_one) ... ok
test_a_holdout_site_is_refused (test_ff_plan.LatchProbeScopeTests.test_a_holdout_site_is_refused) ... ok
test_a_stale_or_unstamped_output_directory_is_refused (test_ff_plan.LatchProbeScopeTests.test_a_stale_or_unstamped_output_directory_is_refused) ... ok
test_the_probe_never_touches_the_pre_registration_hold (test_ff_plan.LatchProbeScopeTests.test_the_probe_never_touches_the_pre_registration_hold) ... ok
test_writing_into_the_committed_evidence_tree_is_refused (test_ff_plan.LatchProbeScopeTests.test_writing_into_the_committed_evidence_tree_is_refused) ... ok
test_address_problems_still_sink_the_address_decision (test_ff_plan.SemanticIsolationTests.test_address_problems_still_sink_the_address_decision) ... ok
test_fn_fp_and_short_holdout_counts_still_fail (test_ff_plan.SemanticIsolationTests.test_fn_fp_and_short_holdout_counts_still_fail) ... ok
test_semantic_only_failure_keeps_the_address_decision_passing (test_ff_plan.SemanticIsolationTests.test_semantic_only_failure_keeps_the_address_decision_passing) ... ok
test_semantic_pass_is_the_verifier_rule_not_the_attestation_alone (test_ff_plan.SemanticIsolationTests.test_semantic_pass_is_the_verifier_rule_not_the_attestation_alone) ... ok
test_the_address_decision_cannot_see_semantics_at_all (test_ff_plan.SemanticIsolationTests.test_the_address_decision_cannot_see_semantics_at_all) ... ok
test_the_14_measurement_shape_is_refused_by_the_16_certifier (test_ff_plan.SupersededMeasurementShapeTests.test_the_14_measurement_shape_is_refused_by_the_16_certifier) ... ok
test_a_commitment_naming_a_specimen_twice_is_refused (test_ff_publish_gate.PublishGateTests.test_a_commitment_naming_a_specimen_twice_is_refused)
The rebuilt set has to be a set, and `len()` of a list with a repeat is not ... ok
test_a_commitment_staged_for_deletion_is_refused (test_ff_publish_gate.PublishGateTests.test_a_commitment_staged_for_deletion_is_refused)
HEAD still has it, so a fallback would resolve happily; the next tree does not. ... ok
test_a_commitment_that_moved_under_its_pin_is_refused (test_ff_publish_gate.PublishGateTests.test_a_commitment_that_moved_under_its_pin_is_refused) ... ok
test_a_commitment_whose_totals_disagree_with_itself_is_refused (test_ff_publish_gate.PublishGateTests.test_a_commitment_whose_totals_disagree_with_itself_is_refused) ... ok
test_a_correctly_added_staging_is_publishable (test_ff_publish_gate.PublishGateTests.test_a_correctly_added_staging_is_publishable) ... ok
test_a_duplicated_specimen_id_is_refused (test_ff_publish_gate.PublishGateTests.test_a_duplicated_specimen_id_is_refused) ... ok
test_a_json_stored_as_a_pointer_is_refused (test_ff_publish_gate.PublishGateTests.test_a_json_stored_as_a_pointer_is_refused) ... ok
test_a_manifest_absent_from_the_index_is_refused (test_ff_publish_gate.PublishGateTests.test_a_manifest_absent_from_the_index_is_refused) ... ok
test_a_manifest_cut_to_one_specimen_is_refused (test_ff_publish_gate.PublishGateTests.test_a_manifest_cut_to_one_specimen_is_refused)
With the other specimen's paths dropped from the index too, the manifest and ... ok
test_a_manifest_describing_the_commitment_differently_is_refused (test_ff_publish_gate.PublishGateTests.test_a_manifest_describing_the_commitment_differently_is_refused)
The manifest carries a copy of the commitment's own description. A copy that ... ok
test_a_manifest_of_the_wrong_shape_is_refused_by_the_schema (test_ff_publish_gate.PublishGateTests.test_a_manifest_of_the_wrong_shape_is_refused_by_the_schema)
Asserted on the *schema* finding, not on any message: a later check happens to ... ok
test_a_manifest_path_unchanged_against_head_is_refused (test_ff_publish_gate.PublishGateTests.test_a_manifest_path_unchanged_against_head_is_refused)
A path the manifest names that this commit does not change is a path this ... ok
test_a_manifest_pinning_something_other_than_the_frozen_commitment_is_refused (test_ff_publish_gate.PublishGateTests.test_a_manifest_pinning_something_other_than_the_frozen_commitment_is_refused)
With the real constants in force — the fixture's commitment is not the frozen ... ok
test_a_manifest_that_is_not_complete_is_refused (test_ff_publish_gate.PublishGateTests.test_a_manifest_that_is_not_complete_is_refused) ... ok
test_a_missing_attestation_is_refused (test_ff_publish_gate.PublishGateTests.test_a_missing_attestation_is_refused) ... ok
test_a_missing_bitstream_is_refused (test_ff_publish_gate.PublishGateTests.test_a_missing_bitstream_is_refused) ... ok
test_a_pointer_for_the_wrong_object_is_refused (test_ff_publish_gate.PublishGateTests.test_a_pointer_for_the_wrong_object_is_refused)
The pointer is well-formed and the filter ran; it names other content. ... ok
test_a_publication_commit_that_also_edits_its_own_authority_is_refused (test_ff_publish_gate.PublishGateTests.test_a_publication_commit_that_also_edits_its_own_authority_is_refused)
The blocker this seal exists for. The frozen path and hash are read from a ... ok
test_a_publication_commit_that_also_lands_the_rule_is_refused (test_ff_publish_gate.PublishGateTests.test_a_publication_commit_that_also_lands_the_rule_is_refused)
`.gitattributes` is policy and lands before a publication, not with one. ... ok
test_a_rule_deleted_in_the_same_index_is_refused (test_ff_publish_gate.PublishGateTests.test_a_rule_deleted_in_the_same_index_is_refused)
HEAD carries the rule and the commit removes it: `in_head or in_index` called ... ok
test_a_rule_narrowed_between_staging_and_adding_is_refused (test_ff_publish_gate.PublishGateTests.test_a_rule_narrowed_between_staging_and_adding_is_refused)
No flags at all: append one line to the working `.gitattributes` and add. ... ok
test_a_rule_narrowed_in_the_same_index_is_refused (test_ff_publish_gate.PublishGateTests.test_a_rule_narrowed_in_the_same_index_is_refused)
The pointers in the index are correct; the rule that will be committed ... ok
test_a_rule_swallowing_the_json_in_the_same_index_is_refused (test_ff_publish_gate.PublishGateTests.test_a_rule_swallowing_the_json_in_the_same_index_is_refused) ... ok
test_a_tree_without_git_is_refused (test_ff_publish_gate.PublishGateTests.test_a_tree_without_git_is_refused) ... ok
test_adding_with_the_filter_overridden_is_refused (test_ff_publish_gate.PublishGateTests.test_adding_with_the_filter_overridden_is_refused)
The filter simply did not run: no rule was broken and every earlier check ... ok
test_an_artifact_swapped_after_git_add_is_refused (test_ff_publish_gate.PublishGateTests.test_an_artifact_swapped_after_git_add_is_refused)
Falls out of the same rule: under the normal filter a materialised `.bit` ... ok
test_an_attestation_edited_without_the_manifest_is_refused (test_ff_publish_gate.PublishGateTests.test_an_attestation_edited_without_the_manifest_is_refused)
Still an ordinary blob, still the right path, still named by the manifest — ... ok
test_an_extra_staged_path_is_refused (test_ff_publish_gate.PublishGateTests.test_an_extra_staged_path_is_refused) ... ok
test_an_unknown_manifest_field_is_refused (test_ff_publish_gate.PublishGateTests.test_an_unknown_manifest_field_is_refused)
`additionalProperties: false` — and nothing but the schema check sees this. ... ok
test_an_unstaged_edit_to_any_other_runtime_source_is_refused (test_ff_publish_gate.PublishGateTests.test_an_unstaged_edit_to_any_other_runtime_source_is_refused)
Representative rather than exhaustive — the rule is "no tracked file differs", ... ok
test_an_unstaged_edit_to_the_authority_is_refused (test_ff_publish_gate.PublishGateTests.test_an_unstaged_edit_to_the_authority_is_refused)
The index seal says what the commit contains; it says nothing about what ... ok
test_any_unrelated_staged_change_is_refused (test_ff_publish_gate.PublishGateTests.test_any_unrelated_staged_change_is_refused) ... ok
test_nothing_staged_is_refused (test_ff_publish_gate.PublishGateTests.test_nothing_staged_is_refused) ... ok
test_publishing_before_the_policy_commit_landed_is_refused (test_ff_publish_gate.PublishGateTests.test_publishing_before_the_policy_commit_landed_is_refused)
The likeliest operator mistake, and it gets its own message: the rule was never ... ok
test_rewriting_commitment_manifest_and_index_together_is_refused (test_ff_publish_gate.PublishGateTests.test_rewriting_commitment_manifest_and_index_together_is_refused)
The blocker this authority exists for: cut the commitment to one specimen, cut ... ok
test_the_documented_command_line_is_executable (test_ff_publish_gate.PublishGateTests.test_the_documented_command_line_is_executable)
Mode 100644 makes every command line in the docstring exit 126. ... ok
test_the_rule_is_read_from_the_index_not_the_working_tree (test_ff_publish_gate.PublishGateTests.test_the_rule_is_read_from_the_index_not_the_working_tree)
The worktree rule is correct and the staged one is not. What gets committed is ... ok
test_the_tool_reports_a_pass_through_main (test_ff_publish_gate.PublishGateTests.test_the_tool_reports_a_pass_through_main)
The refusal path had a case and the pass path did not, so a crash lived on a ... ok
test_the_tool_runs_and_reports_its_verdict (test_ff_publish_gate.PublishGateTests.test_the_tool_runs_and_reports_its_verdict) ... ok
test_two_specimens_naming_one_artifact_are_refused (test_ff_publish_gate.PublishGateTests.test_two_specimens_naming_one_artifact_are_refused) ... ok
test_a_complete_green_run_is_ready (test_ff_stager.BuilderReadinessTests.test_a_complete_green_run_is_ready) ... ok
test_a_declared_count_that_contradicts_the_declared_identities_fails (test_ff_stager.BuilderReadinessTests.test_a_declared_count_that_contradicts_the_declared_identities_fails)
The count is not redundant with the identity check: it cross-checks the two ... ok
test_a_derived_failure_blocks_it_too (test_ff_stager.BuilderReadinessTests.test_a_derived_failure_blocks_it_too) ... ok
test_a_duplicated_record_is_not_coverage (test_ff_stager.BuilderReadinessTests.test_a_duplicated_record_is_not_coverage) ... ok
test_a_missing_derived_declaration_sinks_only_the_derived_gate_field (test_ff_stager.BuilderReadinessTests.test_a_missing_derived_declaration_sinks_only_the_derived_gate_field) ... ok
test_a_missing_pair_declaration_sinks_the_pair_gate_field (test_ff_stager.BuilderReadinessTests.test_a_missing_pair_declaration_sinks_the_pair_gate_field)
The field must follow the category, not the wording. This message begins with ... ok
test_a_report_that_declares_no_required_set_cannot_be_judged (test_ff_stager.BuilderReadinessTests.test_a_report_that_declares_no_required_set_cannot_be_judged) ... ok
test_a_t2_failure_blocks_a_fully_built_run (test_ff_stager.BuilderReadinessTests.test_a_t2_failure_blocks_a_fully_built_run) ... ok
test_a_verification_problem_stops_the_verdict_before_any_comparison (test_ff_stager.BuilderReadinessTests.test_a_verification_problem_stops_the_verdict_before_any_comparison) ... ok
test_an_incomplete_build_is_not_ready (test_ff_stager.BuilderReadinessTests.test_an_incomplete_build_is_not_ready) ... ok
test_an_unbuilt_pair_is_not_a_pass (test_ff_stager.BuilderReadinessTests.test_an_unbuilt_pair_is_not_a_pass) ... ok
test_derived_count_and_duplicate_problems_sink_only_the_derived_gate (test_ff_stager.BuilderReadinessTests.test_derived_count_and_duplicate_problems_sink_only_the_derived_gate) ... ok
test_dropping_one_passing_derived_record_still_fails (test_ff_stager.BuilderReadinessTests.test_dropping_one_passing_derived_record_still_fails) ... ok
test_dropping_one_passing_pair_still_fails (test_ff_stager.BuilderReadinessTests.test_dropping_one_passing_pair_still_fails)
The trimmed-report attack: keep the counts, keep every surviving record ... ok
test_no_pairs_at_all_is_not_a_pass (test_ff_stager.BuilderReadinessTests.test_no_pairs_at_all_is_not_a_pass) ... ok
test_one_verification_problem_sinks_both_gate_fields (test_ff_stager.BuilderReadinessTests.test_one_verification_problem_sinks_both_gate_fields) ... ok
test_pair_count_and_duplicate_problems_sink_only_the_pair_gate (test_ff_stager.BuilderReadinessTests.test_pair_count_and_duplicate_problems_sink_only_the_pair_gate) ... ok
test_the_categories_are_buckets_not_string_prefixes (test_ff_stager.BuilderReadinessTests.test_the_categories_are_buckets_not_string_prefixes)
Every finding must arrive already classified, so no consumer has to parse. ... ok
test_the_preserved_failing_run_is_refused_by_the_new_gate (test_ff_stager.BuilderReadinessTests.test_the_preserved_failing_run_is_refused_by_the_new_gate)
The real artifact of 2026-08-06, versioned in evidence/, must not be ready. ... ok
test_a_complete_named_instance_passes (test_ff_stager.CheckScopeTests.test_a_complete_named_instance_passes) ... ok
test_a_named_instance_missing_one_specimen_is_not_a_pass (test_ff_stager.CheckScopeTests.test_a_named_instance_missing_one_specimen_is_not_a_pass) ... ok
test_a_partial_tree_is_allowed_only_without_an_instance (test_ff_stager.CheckScopeTests.test_a_partial_tree_is_allowed_only_without_an_instance) ... ok
test_check_exits_non_zero_when_a_named_instance_is_short (test_ff_stager.CheckScopeTests.test_check_exits_non_zero_when_a_named_instance_is_short) ... ok
test_check_exits_zero_only_for_a_complete_named_instance (test_ff_stager.CheckScopeTests.test_check_exits_zero_only_for_a_complete_named_instance) ... ok
test_nothing_built_is_never_a_pass (test_ff_stager.CheckScopeTests.test_nothing_built_is_never_a_pass) ... ok
test_a_cell_placed_outside_its_role_site_is_refused (test_ff_stager.ConverterTests.test_a_cell_placed_outside_its_role_site_is_refused) ... ok
test_a_converted_record_satisfies_the_consumers_own_rules (test_ff_stager.ConverterTests.test_a_converted_record_satisfies_the_consumers_own_rules) ... ok
test_a_derived_record_pins_its_source_checkpoint (test_ff_stager.ConverterTests.test_a_derived_record_pins_its_source_checkpoint) ... ok
test_a_resolved_bel_that_drifts_from_plan_intent_is_refused (test_ff_stager.ConverterTests.test_a_resolved_bel_that_drifts_from_plan_intent_is_refused)
`requested` is intent. If the readback disagrees, the record is not written — ... ok
test_a_resolved_primitive_that_drifts_from_plan_intent_is_refused (test_ff_stager.ConverterTests.test_a_resolved_primitive_that_drifts_from_plan_intent_is_refused) ... ok
test_every_variant_family_converts (test_ff_stager.ConverterTests.test_every_variant_family_converts) ... ok
test_requested_is_the_plan_intent_spelled_out (test_ff_stager.ConverterTests.test_requested_is_the_plan_intent_spelled_out)
The literal expectation, independent of both the readback and the intent table. ... ok
test_a_drifted_tcl_is_refused (test_ff_stager.IntentMirrorTests.test_a_drifted_tcl_is_refused) ... ok
test_an_anchor_moved_in_the_tcl_is_refused (test_ff_stager.IntentMirrorTests.test_an_anchor_moved_in_the_tcl_is_refused) ... ok
test_the_intent_table_matches_the_pinned_tcl (test_ff_stager.IntentMirrorTests.test_the_intent_table_matches_the_pinned_tcl) ... ok
test_a_bitstream_outside_the_rule_is_refused (test_ff_stager.PublicationAttributeTests.test_a_bitstream_outside_the_rule_is_refused) ... ok
test_a_correct_but_uncommitted_rule_is_refused (test_ff_stager.PublicationAttributeTests.test_a_correct_but_uncommitted_rule_is_refused)
The gap: `git check-attr` reads the working tree, so a rule that would keep ... ok
test_a_rule_edited_after_it_was_committed_is_refused (test_ff_stager.PublicationAttributeTests.test_a_rule_edited_after_it_was_committed_is_refused)
Committed correct, then narrowed in the tree the stager is about to write. ... ok
test_a_rule_excepting_one_specimen_is_refused (test_ff_stager.PublicationAttributeTests.test_a_rule_excepting_one_specimen_is_refused)
Attribute rules are per path, so "the rule covers bitstreams" is not the same ... ok
test_a_rule_that_swallows_the_json_is_refused (test_ff_stager.PublicationAttributeTests.test_a_rule_that_swallows_the_json_is_refused) ... ok
test_no_rule_at_all_is_refused (test_ff_stager.PublicationAttributeTests.test_no_rule_at_all_is_refused) ... ok
test_the_gate_runs_before_anything_is_written (test_ff_stager.PublicationAttributeTests.test_the_gate_runs_before_anything_is_written)
A refused staging must leave no root and no `.partial`. ... ok
test_this_repository_resolves_the_staged_paths_correctly (test_ff_stager.PublicationAttributeTests.test_this_repository_resolves_the_staged_paths_correctly)
Against the repository's own committed `.gitattributes`, not a fixture. ... ok
test_without_git_the_check_does_not_object (test_ff_stager.PublicationAttributeTests.test_without_git_the_check_does_not_object)
It guards a mistake before evidence exists, so it may decline to answer — ... ok
test_an_excluded_root_is_refused (test_ff_stager.PublishPathTests.test_an_excluded_root_is_refused)
Through the pure path, because the refusal must be testable where git is not. ... ok
test_git_really_excludes_the_build_scratch (test_ff_stager.PublishPathTests.test_git_really_excludes_the_build_scratch)
And the answer the pure case stubs is the answer git gives — where there is ... ok
test_the_intended_publish_location_is_accepted (test_ff_stager.PublishPathTests.test_the_intended_publish_location_is_accepted)
A `staging/<run_id>` root is the accepted shape. ... ok
test_the_real_mine_instance_converts (test_ff_stager.RealMineArtifactTests.test_the_real_mine_instance_converts) ... ok
test_a_duplicated_key_is_refused_rather_than_overwritten (test_ff_stager.RoutePinFailOpenTests.test_a_duplicated_key_is_refused_rather_than_overwritten)
A dict assignment keeps the last value, so a second `pips` line would pass ... ok
test_a_list_member_outside_the_dedicated_set_is_refused (test_ff_stager.RoutePinFailOpenTests.test_a_list_member_outside_the_dedicated_set_is_refused) ... ok
test_a_net_that_lost_its_freeze_between_phases_is_refused (test_ff_stager.RoutePinFailOpenTests.test_a_net_that_lost_its_freeze_between_phases_is_refused)
`fixed` used to be excluded from the first/final comparison. The flow sets ... ok
test_a_repeated_member_in_the_routable_list_is_refused (test_ff_stager.RoutePinFailOpenTests.test_a_repeated_member_in_the_routable_list_is_refused) ... ok
test_an_extra_key_in_the_namespace_is_refused (test_ff_stager.RoutePinFailOpenTests.test_an_extra_key_in_the_namespace_is_refused) ... ok
test_an_unrouted_net_is_not_treated_as_completed (test_ff_stager.RoutePinFailOpenTests.test_an_unrouted_net_is_not_treated_as_completed)
"not INTRASITE" is not "routed": UNROUTED is neither, and counting it as ... ok
test_a_forged_stamp_cannot_hide_a_missing_field (test_ff_stager.RoutePinTamperTests.test_a_forged_stamp_cannot_hide_a_missing_field) ... ok
test_a_forged_stamp_cannot_hide_a_pad_net_that_grew_a_route (test_ff_stager.RoutePinTamperTests.test_a_forged_stamp_cannot_hide_a_pad_net_that_grew_a_route) ... ok
test_a_forged_stamp_cannot_hide_a_shrunken_dedicated_set (test_ff_stager.RoutePinTamperTests.test_a_forged_stamp_cannot_hide_a_shrunken_dedicated_set) ... ok
test_a_forged_stamp_cannot_hide_an_unfrozen_net (test_ff_stager.RoutePinTamperTests.test_a_forged_stamp_cannot_hide_an_unfrozen_net) ... ok
test_layer_one_an_edited_record_without_a_matching_stamp_is_refused (test_ff_stager.RoutePinTamperTests.test_layer_one_an_edited_record_without_a_matching_stamp_is_refused) ... ok
test_layer_two_a_forged_stamp_hash_does_not_help (test_ff_stager.RoutePinTamperTests.test_layer_two_a_forged_stamp_hash_does_not_help)
Hash agreement is not agreement with the facts: the record now says the final ... ok
test_a_bitstream_edited_after_verification_is_refused (test_ff_stager.StagingTests.test_a_bitstream_edited_after_verification_is_refused)
`verified_state` checks the source before it is read. This edits the source in ... ok
test_a_cleanup_that_fails_is_reported_and_not_swallowed (test_ff_stager.StagingTests.test_a_cleanup_that_fails_is_reported_and_not_swallowed)
The guarantee is "no directory survives", so a cleanup that cannot deliver it ... ok
test_a_complete_set_stages_exactly_two_files_per_specimen (test_ff_stager.StagingTests.test_a_complete_set_stages_exactly_two_files_per_specimen) ... ok
test_a_manifest_that_fails_validation_leaves_no_partial_root (test_ff_stager.StagingTests.test_a_manifest_that_fails_validation_leaves_no_partial_root)
The failure arrives *after* files are written, which is exactly when a ... ok
test_a_stamp_that_did_not_complete_refuses_the_whole_staging (test_ff_stager.StagingTests.test_a_stamp_that_did_not_complete_refuses_the_whole_staging) ... ok
test_a_tampered_bitstream_refuses_the_whole_staging (test_ff_stager.StagingTests.test_a_tampered_bitstream_refuses_the_whole_staging) ... ok
test_an_existing_root_is_never_overwritten (test_ff_stager.StagingTests.test_an_existing_root_is_never_overwritten) ... ok
test_an_incomplete_set_refuses_and_writes_nothing (test_ff_stager.StagingTests.test_an_incomplete_set_refuses_and_writes_nothing) ... ok
test_an_unbuilt_extra_directory_cannot_enter_the_staged_set (test_ff_stager.StagingTests.test_an_unbuilt_extra_directory_cannot_enter_the_staged_set) ... ok
test_staging_into_a_committed_namespace_is_refused (test_ff_stager.StagingTests.test_staging_into_a_committed_namespace_is_refused) ... ok
test_staging_outside_the_repository_is_refused (test_ff_stager.StagingTests.test_staging_outside_the_repository_is_refused) ... ok
test_the_staged_layout_is_the_one_certificate_16_accepts (test_ff_stager.StagingTests.test_the_staged_layout_is_the_one_certificate_16_accepts)
The regression for the layout break, judged by the consumer's own loader. ... ok
test_a_derived_specimen_with_an_unexpected_change_blocks_staging (test_ff_stager.StructuralGateTests.test_a_derived_specimen_with_an_unexpected_change_blocks_staging)
T1 and T2 pass; the derived gate does not. `ready_for_measurement` is a ... ok
test_a_drifted_recipe_stops_the_gate_before_any_readback_is_read (test_ff_stager.StructuralGateTests.test_a_drifted_recipe_stops_the_gate_before_any_readback_is_read)
Verification precedes comparison, and this pins the order rather than the ... ok
test_a_half_scoped_pair_is_a_failure_when_the_scope_is_not_partial (test_ff_stager.StructuralGateTests.test_a_half_scoped_pair_is_a_failure_when_the_scope_is_not_partial)
A committed pair with one endpoint outside the node set can never be compared. ... ok
test_a_t2_route_mismatch_fails_the_gate (test_ff_stager.StructuralGateTests.test_a_t2_route_mismatch_fails_the_gate) ... ok
test_an_uncomparable_gate_is_not_a_pass (test_ff_stager.StructuralGateTests.test_an_uncomparable_gate_is_not_a_pass)
No pair compared means the gate did not run, which is not the same as passing. ... ok
test_check_exits_non_zero_on_a_failing_pair (test_ff_stager.StructuralGateTests.test_check_exits_non_zero_on_a_failing_pair) ... ok
test_the_fixture_pair_passes_before_it_is_broken (test_ff_stager.StructuralGateTests.test_the_fixture_pair_passes_before_it_is_broken) ... ok
test_the_stager_does_not_read_the_producers_verdict (test_ff_stager.StructuralGateTests.test_the_stager_does_not_read_the_producers_verdict)
A run report claiming success must not be able to unlock staging. ... ok
test_the_stager_refuses_and_writes_nothing (test_ff_stager.StructuralGateTests.test_the_stager_refuses_and_writes_nothing) ... ok
test_documented_tools_carry_a_shebang_and_the_executable_bit (test_ff_stager.ToolInvocationTests.test_documented_tools_carry_a_shebang_and_the_executable_bit) ... ok
test_the_stager_actually_runs_from_its_documented_path (test_ff_stager.ToolInvocationTests.test_the_stager_actually_runs_from_its_documented_path) ... ok
test_a_consistent_frame_is_recognised (test_frame_ecc.AlgorithmShapeTests.test_a_consistent_frame_is_recognised) ... ok
test_a_single_flipped_content_bit_invalidates_the_ecc (test_frame_ecc.AlgorithmShapeTests.test_a_single_flipped_content_bit_invalidates_the_ecc) ... ok
test_parity_bit_participates (test_frame_ecc.AlgorithmShapeTests.test_parity_bit_participates)
idx 0x64 folds a parity bit into position 12; without it the top bit is dead. ... ok
test_refuses_a_short_frame (test_frame_ecc.AlgorithmShapeTests.test_refuses_a_short_frame) ... ok
test_the_ecc_field_is_masked_out_of_its_own_input (test_frame_ecc.AlgorithmShapeTests.test_the_ecc_field_is_masked_out_of_its_own_input)
The single property that separates a correct port from a plausible one. ... ok
test_update_does_not_disturb_the_upper_bits_of_word_50 (test_frame_ecc.AlgorithmShapeTests.test_update_does_not_disturb_the_upper_bits_of_word_50) ... ok
test_update_is_idempotent (test_frame_ecc.AlgorithmShapeTests.test_update_is_idempotent) ... ok
test_update_touches_only_word_50 (test_frame_ecc.AlgorithmShapeTests.test_update_touches_only_word_50) ... ok
test_a_stale_ecc_would_not_have_matched (test_frame_ecc.VivadoEditRegenerateTests.test_a_stale_ecc_would_not_have_matched)
Negative control: keeping the base ECC fails the same comparison. ... ok
test_ff_variant_specimens_reproduce_byte_for_byte (test_frame_ecc.VivadoEditRegenerateTests.test_ff_variant_specimens_reproduce_byte_for_byte) ... ok
test_lut_init_specimens_reproduce_byte_for_byte (test_frame_ecc.VivadoEditRegenerateTests.test_lut_init_specimens_reproduce_byte_for_byte) ... ok
test_every_frame_of_a_real_bitstream_verifies (test_frame_ecc.VivadoVerificationTests.test_every_frame_of_a_real_bitstream_verifies) ... ok
test_both_calibration_tools_are_covered (test_isolate_snapshot.AdditiveOrder.test_both_calibration_tools_are_covered) ... ok
test_every_tool_step_is_read_only (test_isolate_snapshot.AdditiveOrder.test_every_tool_step_is_read_only)
Nothing added back may itself change the board — then a breakage means something. ... ok
test_the_bare_console_reopen_comes_before_either_tool (test_isolate_snapshot.AdditiveOrder.test_the_bare_console_reopen_comes_before_either_tool)
Both tool steps contain a reopen, so a reopen tested later proves nothing. ... ok
test_the_first_step_is_a_control_that_changes_nothing (test_isolate_snapshot.AdditiveOrder.test_the_first_step_is_a_control_that_changes_nothing) ... ok
test_a_clear_pcfg_init_is_named_as_mid_clear_not_as_unconfigured (test_isolate_snapshot.JudgeSnapshot.test_a_clear_pcfg_init_is_named_as_mid_clear_not_as_unconfigured) ... ok
test_a_configured_status_is_not_a_problem (test_isolate_snapshot.JudgeSnapshot.test_a_configured_status_is_not_a_problem) ... ok
test_a_gated_fclk0_is_named (test_isolate_snapshot.JudgeSnapshot.test_a_gated_fclk0_is_named) ... ok
test_a_healthy_board_has_no_problems (test_isolate_snapshot.JudgeSnapshot.test_a_healthy_board_has_no_problems) ... ok
test_a_held_fclkresetn_is_named (test_isolate_snapshot.JudgeSnapshot.test_a_held_fclkresetn_is_named) ... ok
test_a_sticky_pcfg_done_does_not_rescue_an_unconfigured_status (test_isolate_snapshot.JudgeSnapshot.test_a_sticky_pcfg_done_does_not_rescue_an_unconfigured_status)
The exact error this snapshot was written to stop making. ... ok
test_closed_level_shifters_are_named (test_isolate_snapshot.JudgeSnapshot.test_closed_level_shifters_are_named) ... ok
test_pcap_pr_is_reported_but_is_not_a_problem_here (test_isolate_snapshot.JudgeSnapshot.test_pcap_pr_is_reported_but_is_not_a_problem_here)
PCAP_PR=1 only disconnects the fabric ICAPE2; it does not stop an AXI read. ... ok
test_pcfg_init_is_set_in_BOTH_measured_states (test_isolate_snapshot.JudgeSnapshot.test_pcfg_init_is_set_in_BOTH_measured_states)
PCFG_INIT is live and discriminates nothing — the correction this file exists for. ... ok
test_a_duplicated_address_is_refused_not_resolved (test_isolate_snapshot.ParseSurvey.test_a_duplicated_address_is_refused_not_resolved)
An echo could supply a second value; picking one silently would invent a reading. ... ok
test_a_reply_the_transports_own_parser_refuses (test_isolate_snapshot.ParseSurvey.test_a_reply_the_transports_own_parser_refuses)
`parse_md` is right to refuse this buffer, which is why `parse_survey` exists. ... ok
test_a_truncated_line_is_refused_not_padded (test_isolate_snapshot.ParseSurvey.test_a_truncated_line_is_refused_not_padded)
Console byte loss must become a refusal naming the missing registers. ... ok
test_seven_dumps_in_one_reply (test_isolate_snapshot.ParseSurvey.test_seven_dumps_in_one_reply) ... ok
test_values_are_taken_by_address_not_by_order (test_isolate_snapshot.ParseSurvey.test_values_are_taken_by_address_not_by_order) ... ok
test_every_required_register_is_in_the_snapshot (test_isolate_snapshot.SnapshotOrder.test_every_required_register_is_in_the_snapshot) ... ok
test_every_snapshot_address_is_in_the_ps (test_isolate_snapshot.SnapshotOrder.test_every_snapshot_address_is_in_the_ps)
Nothing here may be in the PL window — the whole point is that it cannot stall. ... ok
test_pcfg_init_is_bit_four_of_status (test_isolate_snapshot.SnapshotOrder.test_pcfg_init_is_bit_four_of_status) ... ok
test_status_is_read_before_int_sts (test_isolate_snapshot.SnapshotOrder.test_status_is_read_before_int_sts)
The live bit is read first; the sticky event bit is a footnote, not the answer. ... ok
test_fclk50_runs_before_the_load_not_after (test_isolate_snapshot.TheFclk50Cell.test_fclk50_runs_before_the_load_not_after)
`board_set_fclk50` BEFORE the load is the calibration's ordering, and the point. ... ok
test_it_is_the_production_invocation_not_verify_only (test_isolate_snapshot.TheFclk50Cell.test_it_is_the_production_invocation_not_verify_only)
--verify-only is a different thing to measure; the calibration does not pass it. ... ok
test_the_cell_is_off_unless_asked_for (test_isolate_snapshot.TheFclk50Cell.test_the_cell_is_off_unless_asked_for)
Every earlier snapshot run must stay comparable to this one. ... ok
test_the_snapshot_loader_never_passes_require_unconfigured (test_isolate_snapshot.TheFclk50Cell.test_the_snapshot_loader_never_passes_require_unconfigured)
The successful snapshot did not pass it, so this cell must not either. ... ok
test_whether_an_mw_went_out_is_recorded_not_assumed (test_isolate_snapshot.TheFclk50Cell.test_whether_an_mw_went_out_is_recorded_not_assumed) ... ok
test_a_lost_marker_is_a_restart_and_not_a_stall (test_isolate_snapshot.TheFirstTouchCell.test_a_lost_marker_is_a_restart_and_not_a_stall)
Different events; only one of them is about the transport. ... ok
test_it_does_not_run_the_identity_gate (test_isolate_snapshot.TheFirstTouchCell.test_it_does_not_run_the_identity_gate) ... ok
test_it_never_reaches_a_write_or_the_icap (test_isolate_snapshot.TheFirstTouchCell.test_it_never_reaches_a_write_or_the_icap) ... ok
test_it_reuses_the_production_phase_setup_rather_than_reimplementing_it (test_isolate_snapshot.TheFirstTouchCell.test_it_reuses_the_production_phase_setup_rather_than_reimplementing_it)
Re-listing fclk50 and the loader here would let the two drift apart silently. ... ok
test_nothing_reads_the_carrier_before_the_first_touch (test_isolate_snapshot.TheFirstTouchCell.test_nothing_reads_the_carrier_before_the_first_touch)
A baseline read would change the question instead of sharpening it. ... ok
test_the_open_to_status_timing_is_recorded (test_isolate_snapshot.TheFirstTouchCell.test_the_open_to_status_timing_is_recorded) ... ok
test_there_is_exactly_one_status_read (test_isolate_snapshot.TheFirstTouchCell.test_there_is_exactly_one_status_read) ... ok
test_a_lost_marker_is_reported_as_a_restart (test_isolate_snapshot.TheIdentityFirstTouchCell.test_a_lost_marker_is_reported_as_a_restart) ... ok
test_all_four_spans_the_reviewer_asked_for_are_recorded (test_isolate_snapshot.TheIdentityFirstTouchCell.test_all_four_spans_the_reviewer_asked_for_are_recorded) ... ok
test_fault_is_read_only_after_status_is_right (test_isolate_snapshot.TheIdentityFirstTouchCell.test_fault_is_read_only_after_status_is_right) ... ok
test_it_runs_the_calibrations_prefix (test_isolate_snapshot.TheIdentityFirstTouchCell.test_it_runs_the_calibrations_prefix) ... ok
test_it_stops_short_of_the_authority_gate_and_the_write (test_isolate_snapshot.TheIdentityFirstTouchCell.test_it_stops_short_of_the_authority_gate_and_the_write) ... ok
test_nothing_reads_the_carrier_before_the_identity_gate (test_isolate_snapshot.TheIdentityFirstTouchCell.test_nothing_reads_the_carrier_before_the_identity_gate)
A prior read would pre-warm away the one combination still untested. ... ok
test_every_step_re_asks_the_marker_before_reading (test_isolate_snapshot.TheSessionLadder.test_every_step_re_asks_the_marker_before_reading)
A restart would otherwise be recorded as the step's own doing. ... ok
test_it_does_call_the_three_things_it_is_meant_to (test_isolate_snapshot.TheSessionLadder.test_it_does_call_the_three_things_it_is_meant_to)
Otherwise the test above passes by the ladder doing nothing at all. ... ok
test_it_does_not_reload_between_steps (test_isolate_snapshot.TheSessionLadder.test_it_does_not_reload_between_steps)
One load, then the whole ladder — otherwise it measures the load again. ... ok
test_it_never_calls_write_sequence_or_a_transaction (test_isolate_snapshot.TheSessionLadder.test_it_never_calls_write_sequence_or_a_transaction) ... ok
test_it_requires_the_reset_state_at_every_step (test_isolate_snapshot.TheSessionLadder.test_it_requires_the_reset_state_at_every_step) ... ok
test_it_uses_the_production_transport_and_session_classes (test_isolate_snapshot.TheSessionLadder.test_it_uses_the_production_transport_and_session_classes) ... ok
test_the_recorder_only_intercepts_command (test_isolate_snapshot.TheSessionLadder.test_the_recorder_only_intercepts_command)
Anything else it overrode would stop this being the production path. ... ok
test_an_idle_console_is_not_a_restart (test_listen_passive.BannerDetection.test_an_idle_console_is_not_a_restart) ... ok
test_it_matches_the_banner_this_board_actually_printed (test_listen_passive.BannerDetection.test_it_matches_the_banner_this_board_actually_printed)
Taken verbatim from evidence/isolate_additive_2026_08_12/record.json. ... ok
test_one_restart_is_counted_once (test_listen_passive.BannerDetection.test_one_restart_is_counted_once) ... ok
test_two_restarts_are_counted_twice (test_listen_passive.BannerDetection.test_two_restarts_are_counted_twice) ... ok
test_it_runs_no_external_tool (test_listen_passive.ItNeverTransmits.test_it_runs_no_external_tool)
No JTAG, no loader, no gate — a baseline that ran a tool is not a baseline. ... ok
test_no_write_of_any_kind_is_called (test_listen_passive.ItNeverTransmits.test_no_write_of_any_kind_is_called)
The one property that makes the measurement mean anything. ... ok
test_the_dtr_rts_side_effect_is_recorded_not_hidden (test_listen_passive.ItNeverTransmits.test_the_dtr_rts_side_effect_is_recorded_not_hidden)
Opening a port asserts them. That is the one thing it does, so it must be said. ... ok
test_the_serial_object_is_only_ever_read_from (test_listen_passive.ItNeverTransmits.test_the_serial_object_is_only_ever_read_from) ... ok
test_an_offset_is_dated_by_the_chunk_it_arrived_in (test_listen_passive.OffsetTimestamps.test_an_offset_is_dated_by_the_chunk_it_arrived_in) ... ok
test_an_offset_past_the_end_is_undated_rather_than_guessed (test_listen_passive.OffsetTimestamps.test_an_offset_past_the_end_is_undated_rather_than_guessed) ... ok
test_both_clocks_are_kept (test_listen_passive.OffsetTimestamps.test_both_clocks_are_kept)
Monotonic cannot jump, so it measures intervals; wall-clock lines up with events. ... ok
test_canonical_form (test_local_map.AddressKeyTests.test_canonical_form) ... ok
test_key_distinguishes_word_and_bit (test_local_map.AddressKeyTests.test_key_distinguishes_word_and_bit) ... ok
test_accepts_a_passing_production_certificate (test_local_map.AdmissibilityTests.test_accepts_a_passing_production_certificate) ... ok
test_refuses_a_conformance_certificate (test_local_map.AdmissibilityTests.test_refuses_a_conformance_certificate) ... ok
test_refuses_a_failed_certificate (test_local_map.AdmissibilityTests.test_refuses_a_failed_certificate) ... ok
test_refuses_a_foreign_schema (test_local_map.AdmissibilityTests.test_refuses_a_foreign_schema) ... ok
test_refuses_a_group_model_certificate (test_local_map.AdmissibilityTests.test_refuses_a_group_model_certificate) ... ok
test_a_truncated_rule_is_refused_and_does_not_crash (test_local_map.CollateralTests.test_a_truncated_rule_is_refused_and_does_not_crash)
A gate that crashes has not judged anything (ruled here 2026-08-07). ... ok
test_a_widened_rule_is_a_different_rule (test_local_map.CollateralTests.test_a_widened_rule_is_a_different_rule)
A gate that read 'word == 50' and dropped the bit range would admit word-50 ... ok
test_lifts_the_rule_from_the_certificate (test_local_map.CollateralTests.test_lifts_the_rule_from_the_certificate) ... ok
test_refuses_an_unparseable_rule (test_local_map.CollateralTests.test_refuses_an_unparseable_rule) ... ok
test_refuses_two_conflicting_ecc_rules (test_local_map.CollateralTests.test_refuses_two_conflicting_ecc_rules) ... ok
test_committed_map_matches_a_fresh_derivation (test_local_map.CommittedMapTests.test_committed_map_matches_a_fresh_derivation) ... ok
test_committed_map_validates_against_the_schema (test_local_map.CommittedMapTests.test_committed_map_validates_against_the_schema) ... ok
test_schema_refuses_a_self_cartography_map (test_local_map.CommittedMapTests.test_schema_refuses_a_self_cartography_map)
kind is a const on purpose: a later provenance is a different claim. ... ok
test_schema_refuses_an_absolute_path (test_local_map.CommittedMapTests.test_schema_refuses_an_absolute_path) ... ok
test_by_far_groups_the_frame (test_local_map.IndexTests.test_by_far_groups_the_frame) ... ok
test_by_lut_orders_by_init_index (test_local_map.IndexTests.test_by_lut_orders_by_init_index) ... ok
test_refuses_a_non_init_feature (test_local_map.IndexTests.test_refuses_a_non_init_feature) ... ok
test_addresses_are_unique (test_local_map.RealCertificateTests.test_addresses_are_unique) ... ok
test_class_is_larger_than_what_is_certified (test_local_map.RealCertificateTests.test_class_is_larger_than_what_is_certified)
The gap must be visible in the artifact, not hidden by reporting one number. ... ok
test_derivation_is_deterministic (test_local_map.RealCertificateTests.test_derivation_is_deterministic) ... ok
test_index_covers_exactly_the_universe (test_local_map.RealCertificateTests.test_index_covers_exactly_the_universe) ... ok
test_no_lut_is_fully_writable (test_local_map.RealCertificateTests.test_no_lut_is_fully_writable)
Recorded in the preregistration: the fitness cannot assume a free 64-bit INIT. ... ok
test_provenance_pins_the_certificate_and_the_freeze (test_local_map.RealCertificateTests.test_provenance_pins_the_certificate_and_the_freeze) ... ok
test_target_mismatch_against_the_freeze_is_refused (test_local_map.RealCertificateTests.test_target_mismatch_against_the_freeze_is_refused) ... ok
test_universe_is_the_certified_292 (test_local_map.RealCertificateTests.test_universe_is_the_certified_292) ... ok
test_collapses_reattestation_that_agrees (test_local_map.UniverseTests.test_collapses_reattestation_that_agrees) ... ok
test_negated_polarity_survives_into_the_universe (test_local_map.UniverseTests.test_negated_polarity_survives_into_the_universe)
No real certified bit is negated, so this path only exists synthetically. ... ok
test_refuses_multi_assignment_feature (test_local_map.UniverseTests.test_refuses_multi_assignment_feature) ... ok
test_refuses_polarity_mismatch (test_local_map.UniverseTests.test_refuses_polarity_mismatch)
The one place a silent inversion would ride into every candidate. ... ok
test_refuses_predicted_observed_address_mismatch (test_local_map.UniverseTests.test_refuses_predicted_observed_address_mismatch) ... ok
test_refuses_reattestation_that_disagrees (test_local_map.UniverseTests.test_refuses_reattestation_that_disagrees) ... ok
test_refuses_two_features_claiming_one_address (test_local_map.UniverseTests.test_refuses_two_features_claiming_one_address) ... ok
test_a_reverse_lookup_returns_a_set_not_a_far (test_pcap_probe_target.PinnedPositiveControl.test_a_reverse_lookup_returns_a_set_not_a_far) ... ok
test_every_neighbour_hash_is_distinct_from_the_target (test_pcap_probe_target.PinnedPositiveControl.test_every_neighbour_hash_is_distinct_from_the_target) ... ok
test_frame_table_digest (test_pcap_probe_target.PinnedPositiveControl.test_frame_table_digest) ... ok
test_pinned_base_bitstream_hash (test_pcap_probe_target.PinnedPositiveControl.test_pinned_base_bitstream_hash) ... ok
test_pinned_hashes_and_nonzero_counts_match_the_bitstream (test_pcap_probe_target.PinnedPositiveControl.test_pinned_hashes_and_nonzero_counts_match_the_bitstream) ... ok
test_reverse_lookup_multiplicity_is_what_the_spec_says (test_pcap_probe_target.PinnedPositiveControl.test_reverse_lookup_multiplicity_is_what_the_spec_says) ... ok
test_selection_reproduces_the_pinned_target (test_pcap_probe_target.PinnedPositiveControl.test_selection_reproduces_the_pinned_target) ... ok
test_target_and_neighbours_are_globally_unique (test_pcap_probe_target.PinnedPositiveControl.test_target_and_neighbours_are_globally_unique) ... ok
test_the_discriminating_power_number_is_the_measured_one (test_pcap_probe_target.PinnedPositiveControl.test_the_discriminating_power_number_is_the_measured_one) ... ok
test_the_spec_quotes_these_same_constants (test_pcap_probe_target.PinnedPositiveControl.test_the_spec_quotes_these_same_constants) ... ok
test_the_target_cannot_be_confused_with_blank (test_pcap_probe_target.PinnedPositiveControl.test_the_target_cannot_be_confused_with_blank) ... ok
test_the_three_named_words_are_what_the_spec_says (test_pcap_probe_target.PinnedPositiveControl.test_the_three_named_words_are_what_the_spec_says) ... ok
test_frame_verdict_table_maps_each_condition_exactly (test_pcap_probe_target.SpecContracts.test_frame_verdict_table_maps_each_condition_exactly)
Exact row-by-row mapping. ... ok
test_identity_is_verified_before_the_setup_load (test_pcap_probe_target.SpecContracts.test_identity_is_verified_before_the_setup_load) ... ok
test_only_the_sentinel_ordering_is_normative (test_pcap_probe_target.SpecContracts.test_only_the_sentinel_ordering_is_normative) ... ok
test_sentinel_table_is_judged_on_the_whole_buffer (test_pcap_probe_target.SpecContracts.test_sentinel_table_is_judged_on_the_whole_buffer) ... ok
test_the_sentinel_verdicts_do_not_assert_a_mechanism (test_pcap_probe_target.SpecContracts.test_the_sentinel_verdicts_do_not_assert_a_mechanism) ... ok
test_accepts_consistent_frames (test_phenotype_manifest.BaseEccGateTests.test_accepts_consistent_frames) ... ok
test_refuses_an_inconsistent_frame (test_phenotype_manifest.BaseEccGateTests.test_refuses_an_inconsistent_frame) ... ok
test_cross_column_flush_is_a_different_major (test_phenotype_manifest.DeviceOrderTests.test_cross_column_flush_is_a_different_major) ... ok
test_flush_is_not_far_plus_one (test_phenotype_manifest.DeviceOrderTests.test_flush_is_not_far_plus_one) ... ok
test_the_middle_group_does_have_an_in_column_neighbour (test_phenotype_manifest.DeviceOrderTests.test_the_middle_group_does_have_an_in_column_neighbour) ... ok
test_the_third_group_also_crosses_a_column (test_phenotype_manifest.DeviceOrderTests.test_the_third_group_also_crosses_a_column) ... ok
test_a_single_far_is_its_own_group (test_phenotype_manifest.GroupingTests.test_a_single_far_is_its_own_group) ... ok
test_maximal_runs (test_phenotype_manifest.GroupingTests.test_maximal_runs) ... ok
test_successor_refuses_an_unknown_far (test_phenotype_manifest.GroupingTests.test_successor_refuses_an_unknown_far) ... ok
test_successor_refuses_the_last_frame (test_phenotype_manifest.GroupingTests.test_successor_refuses_the_last_frame) ... ok
test_successor_skips_pad_frames (test_phenotype_manifest.GroupingTests.test_successor_skips_pad_frames) ... ok
test_clock_requirement_is_pinned (test_phenotype_manifest.ManifestTests.test_clock_requirement_is_pinned) ... ok
test_envelope_arithmetic (test_phenotype_manifest.ManifestTests.test_envelope_arithmetic) ... ok
test_every_frame_is_pinned_whole (test_phenotype_manifest.ManifestTests.test_every_frame_is_pinned_whole) ... ok
test_map_and_base_are_hash_pinned (test_phenotype_manifest.ManifestTests.test_map_and_base_are_hash_pinned) ... ok
test_roles_are_disjoint (test_phenotype_manifest.ManifestTests.test_roles_are_disjoint) ... ok
test_two_of_three_flushes_leave_the_column (test_phenotype_manifest.ManifestTests.test_two_of_three_flushes_leave_the_column) ... ok
test_whitelist_totals_the_map (test_phenotype_manifest.ManifestTests.test_whitelist_totals_the_map) ... ok
test_refuses_a_base_bitstream_outside_the_repository (test_phenotype_manifest.RefusalTests.test_refuses_a_base_bitstream_outside_the_repository) ... ok
test_refuses_a_foreign_document (test_phenotype_manifest.RefusalTests.test_refuses_a_foreign_document) ... ok
test_refuses_a_map_outside_the_repository (test_phenotype_manifest.RefusalTests.test_refuses_a_map_outside_the_repository)
Was a ValueError from Path.relative_to — a crash, not a judgement. ... ok
test_refuses_a_target_frame_the_base_does_not_carry (test_phenotype_manifest.RefusalTests.test_refuses_a_target_frame_the_base_does_not_carry) ... ok
test_refuses_a_whitelist_address_outside_the_target_frames (test_phenotype_manifest.RefusalTests.test_refuses_a_whitelist_address_outside_the_target_frames) ... ok
test_refuses_when_a_flush_would_be_a_target (test_phenotype_manifest.RefusalTests.test_refuses_when_a_flush_would_be_a_target)
0x00400A80 is group 1's flush, and it is not consecutive with 0x00400A23. ... ok
test_a_banner_after_a_correct_register_reply_stops_it (test_precheck_fresh_power.ARebootDuringTheChecksIsRefused.test_a_banner_after_a_correct_register_reply_stops_it) ... ok
test_a_banner_on_the_opening_sync_still_stops_it (test_precheck_fresh_power.ARebootDuringTheChecksIsRefused.test_a_banner_on_the_opening_sync_still_stops_it) ... ok
test_a_banner_on_the_very_last_reply_stops_it (test_precheck_fresh_power.ARebootDuringTheChecksIsRefused.test_a_banner_on_the_very_last_reply_stops_it) ... ok
test_every_reply_is_guarded_not_just_the_first_and_last (test_precheck_fresh_power.ARebootDuringTheChecksIsRefused.test_every_reply_is_guarded_not_just_the_first_and_last) ... ok
test_a_reply_without_a_prompt_stops_it (test_precheck_fresh_power.ATruncatedReplyIsRefused.test_a_reply_without_a_prompt_stops_it) ... ok
test_every_reply_needs_its_prompt (test_precheck_fresh_power.ATruncatedReplyIsRefused.test_every_reply_needs_its_prompt) ... ok
test_the_only_commands_it_can_send_are_reads (test_precheck_fresh_power.ItCannotWrite.test_the_only_commands_it_can_send_are_reads) ... ok
test_a_clean_fresh_power_on_passes (test_precheck_fresh_power.TheFivePreconditionsStillDecide.test_a_clean_fresh_power_on_passes) ... ok
test_a_defined_plmark_stops_it (test_precheck_fresh_power.TheFivePreconditionsStillDecide.test_a_defined_plmark_stops_it) ... ok
test_a_wrong_register_value_stops_it (test_precheck_fresh_power.TheFivePreconditionsStillDecide.test_a_wrong_register_value_stops_it) ... ok
test_an_unreadable_plmark_reply_stops_it (test_precheck_fresh_power.TheFivePreconditionsStillDecide.test_an_unreadable_plmark_reply_stops_it) ... ok
test_pcfg_done_set_stops_it_even_though_int_sts_would_match (test_precheck_fresh_power.TheFivePreconditionsStillDecide.test_pcfg_done_set_stops_it_even_though_int_sts_would_match) ... ok
test_each_reply_is_recoverable_byte_for_byte (test_precheck_fresh_power.TheRawBytesSurviveIntact.test_each_reply_is_recoverable_byte_for_byte) ... ok
test_a_fresh_path_is_allowed_and_written_atomically (test_precheck_fresh_power.TheRecordIsNeverReplaced.test_a_fresh_path_is_allowed_and_written_atomically) ... ok
test_an_existing_record_is_refused_before_the_port_is_opened (test_precheck_fresh_power.TheRecordIsNeverReplaced.test_an_existing_record_is_refused_before_the_port_is_opened) ... ok
test_an_existing_transcript_alone_is_also_refused (test_precheck_fresh_power.TheRecordIsNeverReplaced.test_an_existing_transcript_alone_is_also_refused) ... ok
test_a_full_contiguous_frame_is_parsed_in_address_order (test_probe_ddr_capture.TheParsing.test_a_full_contiguous_frame_is_parsed_in_address_order) ... ok
test_a_non_contiguous_dump_is_refused (test_probe_ddr_capture.TheParsing.test_a_non_contiguous_dump_is_refused) ... STOP: CaptureStop: md line address 0x10100040 is not the expected 0x10100010; the dump is not contiguous
  evidence: /tmp/tmptyfn_sdx/capture.json
ok
test_a_short_dump_is_refused (test_probe_ddr_capture.TheParsing.test_a_short_dump_is_refused) ... STOP: CaptureStop: parsed 97 words, expected 101
  evidence: /tmp/tmptyf6bc7_/capture.json
ok
test_a_boot_banner_stops_the_capture (test_probe_ddr_capture.TheRefusals.test_a_boot_banner_stops_the_capture) ... STOP: CaptureStop: a boot banner came back with `echo`: the board restarted
  evidence: /tmp/tmpuizzrdsg/capture.json
STOP: CaptureStop: a boot banner came back with `printenv plmark`: the board restarted
  evidence: /tmp/tmpn7kf42hx/capture.json
STOP: CaptureStop: a boot banner came back with `md.l 0x10100000 0x65`: the board restarted
  evidence: /tmp/tmp39b2qk5u/capture.json
ok
test_a_different_plmark_stops_the_capture (test_probe_ddr_capture.TheRefusals.test_a_different_plmark_stops_the_capture) ... STOP: CaptureStop: plmark is ffffffffffffffff, the failing run set 18cba2892df42cbd: this is a different boot and the DRAM archive is not that run's
  evidence: /tmp/tmpykey0s43/capture.json
ok
test_a_missing_prompt_stops_the_capture (test_probe_ddr_capture.TheRefusals.test_a_missing_prompt_stops_the_capture) ... STOP: CaptureStop: no prompt after `printenv plmark`: b'\r\nsomething partial and unterminated'
  evidence: /tmp/tmpfua9rlp_/capture.json
ok
test_a_slot_outside_the_archive_is_refused (test_probe_ddr_capture.TheRefusals.test_a_slot_outside_the_archive_is_refused) ... usage: probe_ddr_capture.py [-h] [--port PORT] --plmark PLMARK [--slot SLOT]
                            --out OUT
probe_ddr_capture.py: error: --slot must be in 0..14; -1 is not a frame of this run
usage: probe_ddr_capture.py [-h] [--port PORT] --plmark PLMARK [--slot SLOT]
                            --out OUT
probe_ddr_capture.py: error: --slot must be in 0..14; 15 is not a frame of this run
usage: probe_ddr_capture.py [-h] [--port PORT] --plmark PLMARK [--slot SLOT]
                            --out OUT
probe_ddr_capture.py: error: --slot must be in 0..14; 20 is not a frame of this run
ok
test_every_reply_is_preserved_whole (test_probe_ddr_capture.TheWireTraffic.test_every_reply_is_preserved_whole) ... ok
test_exactly_three_named_commands_and_nothing_else (test_probe_ddr_capture.TheWireTraffic.test_exactly_three_named_commands_and_nothing_else) ... ok
test_only_allowlisted_command_expressions_are_sent (test_probe_ddr_capture.TheWireTraffic.test_only_allowlisted_command_expressions_are_sent) ... ok
test_the_source_can_send_no_write_or_carrier_access (test_probe_ddr_capture.TheWireTraffic.test_the_source_can_send_no_write_or_carrier_access) ... ok
test_a_real_route_is_not_empty (test_probe_guards.EmptyRouteTests.test_a_real_route_is_not_empty) ... ok
test_the_string_braces_alone_do_not_make_a_route (test_probe_guards.EmptyRouteTests.test_the_string_braces_alone_do_not_make_a_route)
The original bug in one line: `bool("{}")` is True. ... ok
test_vivados_empty_route_spellings_are_empty (test_probe_guards.EmptyRouteTests.test_vivados_empty_route_spellings_are_empty) ... ok
test_dropping_one_passing_run_fails (test_probe_guards.MatrixCompletenessTests.test_dropping_one_passing_run_fails)
The dropped run passes on its own — the failure must come from its absence. ... ok
test_evidence_refuses_to_pin_an_incomplete_set (test_probe_guards.MatrixCompletenessTests.test_evidence_refuses_to_pin_an_incomplete_set) ... ok
test_the_complete_matrix_passes (test_probe_guards.MatrixCompletenessTests.test_the_complete_matrix_passes) ... ok
test_a_committed_congestion_site_is_refused (test_probe_guards.ScopeRefusalTests.test_a_committed_congestion_site_is_refused) ... ok
test_a_committed_role_site_is_refused (test_probe_guards.ScopeRefusalTests.test_a_committed_role_site_is_refused) ... ok
test_a_site_absent_from_the_freeze_is_refused (test_probe_guards.ScopeRefusalTests.test_a_site_absent_from_the_freeze_is_refused) ... ok
test_no_probe_site_is_a_committed_site (test_probe_guards.ScopeRefusalTests.test_no_probe_site_is_a_committed_site) ... ok
test_roles_that_do_not_follow_the_site_rule_are_refused (test_probe_guards.ScopeRefusalTests.test_roles_that_do_not_follow_the_site_rule_are_refused) ... ok
test_the_declared_probe_scope_is_accepted (test_probe_guards.ScopeRefusalTests.test_the_declared_probe_scope_is_accepted) ... ok
test_forbidden_ir_is_not_reachable (test_probe_jtag_config_read.TheAllowedSet.test_forbidden_ir_is_not_reachable) ... ok
test_only_the_five_reviewed_ir_codes_are_ever_shifted (test_probe_jtag_config_read.TheAllowedSet.test_only_the_five_reviewed_ir_codes_are_ever_shifted) ... ok
test_the_generated_payloads_pass_their_own_refusal_check (test_probe_jtag_config_read.TheAllowedSet.test_the_generated_payloads_pass_their_own_refusal_check) ... ok
test_a_desync_separates_a_read_from_the_next_sync (test_probe_jtag_config_read.TheEnvelopes.test_a_desync_separates_a_read_from_the_next_sync) ... ok
test_a_hole_in_an_envelope_is_named (test_probe_jtag_config_read.TheEnvelopes.test_a_hole_in_an_envelope_is_named) ... ok
test_each_far_gets_its_own_desync (test_probe_jtag_config_read.TheEnvelopes.test_each_far_gets_its_own_desync) ... ok
test_every_r4_dwell_has_document_provenance (test_probe_jtag_config_read.TheEnvelopes.test_every_r4_dwell_has_document_provenance) ... ok
test_r4_allowlists_jstart_without_allowing_jprogram (test_probe_jtag_config_read.TheEnvelopes.test_r4_allowlists_jstart_without_allowing_jprogram) ... ok
test_r4_control_and_r4_use_byte_identical_child_tcl (test_probe_jtag_config_read.TheEnvelopes.test_r4_control_and_r4_use_byte_identical_child_tcl) ... ok
test_r4_pins_the_complete_prefix_and_exact_dwells (test_probe_jtag_config_read.TheEnvelopes.test_r4_pins_the_complete_prefix_and_exact_dwells) ... ok
test_r4_refuses_a_missing_rcrc (test_probe_jtag_config_read.TheEnvelopes.test_r4_refuses_a_missing_rcrc) ... ok
test_r4_refuses_each_wrong_dwell_in_both_directions (test_probe_jtag_config_read.TheEnvelopes.test_r4_refuses_each_wrong_dwell_in_both_directions) ... ok
test_r4_refuses_missing_or_misordered_instructions (test_probe_jtag_config_read.TheEnvelopes.test_r4_refuses_missing_or_misordered_instructions) ... ok
test_r4_refuses_rcrc_after_the_final_jshutdown (test_probe_jtag_config_read.TheEnvelopes.test_r4_refuses_rcrc_after_the_final_jshutdown) ... ok
test_r4_refuses_the_r2_pre_read_envelope (test_probe_jtag_config_read.TheEnvelopes.test_r4_refuses_the_r2_pre_read_envelope) ... ok
test_the_reviewed_script_leaves_no_envelope_open (test_probe_jtag_config_read.TheEnvelopes.test_the_reviewed_script_leaves_no_envelope_open) ... ok
test_one_field_carries_the_whole_burst (test_probe_jtag_config_read.ThePacketEncoding.test_one_field_carries_the_whole_burst)
Not one field per word: a second field for the same TAP trips OpenOCD's assert. ... ok
test_the_headers_are_the_documented_values (test_probe_jtag_config_read.ThePacketEncoding.test_the_headers_are_the_documented_values) ... ok
test_the_tool_identity_names_the_r4_sequence (test_probe_jtag_config_read.ThePacketEncoding.test_the_tool_identity_names_the_r4_sequence) ... ok
test_the_wire_order_survives_a_round_trip (test_probe_jtag_config_read.ThePacketEncoding.test_the_wire_order_survives_a_round_trip) ... ok
test_a_type2_write_is_refused (test_probe_jtag_config_read.TheRefusals.test_a_type2_write_is_refused) ... ok
test_a_wcfg_command_is_refused (test_probe_jtag_config_read.TheRefusals.test_a_wcfg_command_is_refused) ... ok
test_an_fdri_write_is_refused (test_probe_jtag_config_read.TheRefusals.test_an_fdri_write_is_refused) ... ok
test_the_reads_this_tool_needs_are_not_refused (test_probe_jtag_config_read.TheRefusals.test_the_reads_this_tool_needs_are_not_refused) ... ok
test_an_idle_prompt_is_not_a_restart (test_probe_tty_lifecycle.BannerDetection.test_an_idle_prompt_is_not_a_restart) ... ok
test_it_matches_the_banner_this_board_prints (test_probe_tty_lifecycle.BannerDetection.test_it_matches_the_banner_this_board_prints) ... ok
test_a_node_nobody_holds_comes_back_empty (test_probe_tty_lifecycle.Holders.test_a_node_nobody_holds_comes_back_empty) ... ok
test_this_process_is_found_holding_a_file_it_has_open (test_probe_tty_lifecycle.Holders.test_this_process_is_found_holding_a_file_it_has_open)
Otherwise the B guard could return an empty list for the wrong reason. ... ok
test_b_refuses_when_anything_else_holds_the_node (test_probe_tty_lifecycle.ItStaysAnExperiment.test_b_refuses_when_anything_else_holds_the_node)
The one failure that would look like a clean negative result. ... ok
test_both_kinds_wait_the_same_interval (test_probe_tty_lifecycle.ItStaysAnExperiment.test_both_kinds_wait_the_same_interval)
Different intervals would make the pair a comparison of two things at once. ... ok
test_bytes_are_collected_before_the_marker_is_asked_for (test_probe_tty_lifecycle.ItStaysAnExperiment.test_bytes_are_collected_before_the_marker_is_asked_for)
`drain` must precede `marker_survives` in the trial body, not follow it. ... ok
test_holders_are_read_from_proc_not_asked_of_a_tool (test_probe_tty_lifecycle.ItStaysAnExperiment.test_holders_are_read_from_proc_not_asked_of_a_tool) ... ok
test_it_reads_no_carrier_address_and_runs_no_tool (test_probe_tty_lifecycle.ItStaysAnExperiment.test_it_reads_no_carrier_address_and_runs_no_tool) ... ok
test_the_marker_is_never_saved_to_flash (test_probe_tty_lifecycle.ItStaysAnExperiment.test_the_marker_is_never_saved_to_flash)
A marker that survives a restart measures nothing. ... ok
test_the_only_things_transmitted_are_setenv_and_printenv (test_probe_tty_lifecycle.ItStaysAnExperiment.test_the_only_things_transmitted_are_setenv_and_printenv)
Anything else on the wire would be a second variable in the experiment. ... ok
test_the_order_alternates_between_pairs (test_probe_tty_lifecycle.Pairing.test_the_order_alternates_between_pairs)
Always running A first would confound trial kind with position in the pair. ... ok
test_the_two_kinds_are_distinct_labels (test_probe_tty_lifecycle.Pairing.test_the_two_kinds_are_distinct_labels) ... ok
test_emit_has_no_verify_parameter (test_reachability_producer.CliSurfaceTests.test_emit_has_no_verify_parameter) ... ok
test_no_bypass_option_of_any_spelling (test_reachability_producer.CliSurfaceTests.test_no_bypass_option_of_any_spelling) ... ok
test_the_cli_help_advertises_no_bypass (test_reachability_producer.CliSurfaceTests.test_the_cli_help_advertises_no_bypass) ... ok
test_the_option_set_is_exactly_the_four_required (test_reachability_producer.CliSurfaceTests.test_the_option_set_is_exactly_the_four_required) ... ok
test_discards_carry_blocked_positions_consistent_with_their_ceiling (test_reachability_producer.ConformanceEmissionTests.test_discards_carry_blocked_positions_consistent_with_their_ceiling) ... ok
test_the_conformance_emission_matches_the_consumer_fixture (test_reachability_producer.ConformanceEmissionTests.test_the_conformance_emission_matches_the_consumer_fixture) ... ok
test_the_consumer_verifier_accepts_it (test_reachability_producer.ConformanceEmissionTests.test_the_consumer_verifier_accepts_it) ... ok
test_the_record_is_schema_valid (test_reachability_producer.ConformanceEmissionTests.test_the_record_is_schema_valid) ... ok
test_the_spec_is_hash_pinned_from_its_bytes (test_reachability_producer.ConformanceEmissionTests.test_the_spec_is_hash_pinned_from_its_bytes) ... ok
test_emit_writes_only_after_the_consumer_accepts (test_reachability_producer.EmissionTests.test_emit_writes_only_after_the_consumer_accepts) ... ok
test_the_repo_is_a_function_parameter_and_not_a_cli_flag (test_reachability_producer.EmissionTests.test_the_repo_is_a_function_parameter_and_not_a_cli_flag)
Tests may construct authority; a command line may not point at another repo. ... ok
test_a_raising_verifier_leaves_no_candidate (test_reachability_producer.ExclusivePublicationTests.test_a_raising_verifier_leaves_no_candidate) ... ok
test_a_rejecting_verifier_leaves_no_candidate (test_reachability_producer.ExclusivePublicationTests.test_a_rejecting_verifier_leaves_no_candidate) ... ok
test_a_second_emission_to_the_same_path_is_refused (test_reachability_producer.ExclusivePublicationTests.test_a_second_emission_to_the_same_path_is_refused) ... ok
test_an_existing_candidate_is_refused (test_reachability_producer.ExclusivePublicationTests.test_an_existing_candidate_is_refused) ... ok
test_an_existing_output_is_refused_and_left_untouched (test_reachability_producer.ExclusivePublicationTests.test_an_existing_output_is_refused_and_left_untouched) ... ok
test_this_suite_only_ever_feeds_the_conformance_fixture (test_reachability_producer.ExclusivePublicationTests.test_this_suite_only_ever_feeds_the_conformance_fixture)
A standing check, over what is actually checkable. ... ok
test_an_exhausted_lut_reports_null_target_fields (test_reachability_producer.ParameterSourceTests.test_an_exhausted_lut_reports_null_target_fields) ... ok
test_parameters_come_from_the_spec_not_the_module (test_reachability_producer.ParameterSourceTests.test_parameters_come_from_the_spec_not_the_module)
cap 3 must exhaust; the module's 256 would keep drawing. ... ok
test_the_ceiling_is_read_from_the_spec_not_the_module (test_reachability_producer.ParameterSourceTests.test_the_ceiling_is_read_from_the_spec_not_the_module)
The conformance spec's ceiling happens to equal the module's 58. ... ok
test_the_seed_is_read_from_the_spec (test_reachability_producer.ParameterSourceTests.test_the_seed_is_read_from_the_spec) ... ok
test_totals_count_only_selected_luts_when_both_kinds_are_present (test_reachability_producer.ParameterSourceTests.test_totals_count_only_selected_luts_when_both_kinds_are_present)
One selected LUT and one exhausted one — the case a single-LUT spec cannot show. ... ok
test_totals_sum_selected_ceilings_only (test_reachability_producer.ParameterSourceTests.test_totals_sum_selected_ceilings_only) ... ok
test_a_malformed_spec_refuses_instead_of_raising (test_reachability_producer.PreflightOrderTests.test_a_malformed_spec_refuses_instead_of_raising)
A string where a number belongs would blow up inside the frozen helpers. ... ok
test_a_production_profile_at_a_non_canonical_path_never_reaches_selection (test_reachability_producer.PreflightOrderTests.test_a_production_profile_at_a_non_canonical_path_never_reaches_selection) ... ok
test_a_production_spec_with_the_wrong_lut_count_never_reaches_selection (test_reachability_producer.PreflightOrderTests.test_a_production_spec_with_the_wrong_lut_count_never_reaches_selection)
A spec at the canonical path, wearing the production id, with two LUTs. ... ok
test_a_spec_absent_from_head_never_reaches_selection (test_reachability_producer.PreflightOrderTests.test_a_spec_absent_from_head_never_reaches_selection) ... ok
test_a_synthetic_spec_wearing_the_production_id_never_reaches_selection (test_reachability_producer.PreflightOrderTests.test_a_synthetic_spec_wearing_the_production_id_never_reaches_selection) ... ok
test_an_uncommitted_spec_never_reaches_selection (test_reachability_producer.PreflightOrderTests.test_an_uncommitted_spec_never_reaches_selection) ... ok
test_a_synthetic_spec_bearing_the_production_id_is_refused_under_conformance (test_reachability_producer.ProfileGuardTests.test_a_synthetic_spec_bearing_the_production_id_is_refused_under_conformance) ... ok
test_conformance_profile_refuses_the_production_spec_id (test_reachability_producer.ProfileGuardTests.test_conformance_profile_refuses_the_production_spec_id) ... ok
test_matching_pairs_are_accepted (test_reachability_producer.ProfileGuardTests.test_matching_pairs_are_accepted) ... ok
test_production_profile_refuses_a_non_production_spec_id (test_reachability_producer.ProfileGuardTests.test_production_profile_refuses_a_non_production_spec_id) ... ok
test_profile_must_be_one_of_two (test_reachability_producer.ProfileGuardTests.test_profile_must_be_one_of_two) ... ok
test_there_is_no_default_profile (test_reachability_producer.ProfileGuardTests.test_there_is_no_default_profile) ... ok
test_a_foreign_document_is_refused_by_the_consumer_contract (test_reachability_producer.RefusalTests.test_a_foreign_document_is_refused_by_the_consumer_contract)
`schema` is checked by the consumer's spec_contract, in the preflight. ... ok
test_an_uncommitted_spec_is_refused_before_anything_is_written (test_reachability_producer.RefusalTests.test_an_uncommitted_spec_is_refused_before_anything_is_written)
Now caught by the preflight, so no candidate is ever created at all. ... ok
test_refuses_a_spec_outside_the_repository (test_reachability_producer.RefusalTests.test_refuses_a_spec_outside_the_repository) ... ok
test_refuses_a_spec_with_no_luts (test_reachability_producer.RefusalTests.test_refuses_a_spec_with_no_luts) ... ok
test_refuses_a_spec_without_the_per_lut_scope (test_reachability_producer.RefusalTests.test_refuses_a_spec_without_the_per_lut_scope)
The review v4 blocker is unreachable — the consumer's contract refuses first. ... ok
test_exhaustion_remains_possible (test_reachability_spec.CeilingArithmeticTests.test_exhaustion_remains_possible)
A stop condition that can never fire is a formality, not a gate. ... ok
test_the_binding_lut_is_the_one_named (test_reachability_spec.CeilingArithmeticTests.test_the_binding_lut_is_the_one_named) ... ok
test_the_chosen_threshold_does_not (test_reachability_spec.CeilingArithmeticTests.test_the_chosen_threshold_does_not) ... ok
test_the_recorded_probabilities_are_reproducible (test_reachability_spec.CeilingArithmeticTests.test_the_recorded_probabilities_are_reproducible) ... ok
test_the_rejected_threshold_really_would_have_exhausted (test_reachability_spec.CeilingArithmeticTests.test_the_rejected_threshold_really_would_have_exhausted)
60 was the first draft; the point is that it fails by construction. ... ok
test_the_committed_spec_matches_a_fresh_derivation (test_reachability_spec.CommittedSpecTests.test_the_committed_spec_matches_a_fresh_derivation) ... ok
test_a_different_seed_gives_a_different_order (test_reachability_spec.PermutationTests.test_a_different_seed_gives_a_different_order) ... ok
test_is_a_permutation (test_reachability_spec.PermutationTests.test_is_a_permutation) ... ok
test_is_deterministic (test_reachability_spec.PermutationTests.test_is_deterministic) ... ok
test_it_is_not_the_identity (test_reachability_spec.PermutationTests.test_it_is_not_the_identity) ... ok
test_refuses_a_foreign_document (test_reachability_spec.RefusalTests.test_refuses_a_foreign_document) ... ok
test_refuses_a_map_missing_one_of_the_six_luts (test_reachability_spec.RefusalTests.test_refuses_a_map_missing_one_of_the_six_luts) ... ok
test_refuses_an_out_of_range_init_index (test_reachability_spec.RefusalTests.test_refuses_an_out_of_range_init_index) ... ok
test_a_target_is_judged_by_its_own_lut_only (test_reachability_spec.SelectionScopeTests.test_a_target_is_judged_by_its_own_lut_only) ... ok
test_k_advances_across_rejected_draws_so_no_two_luts_share_a_target (test_reachability_spec.SelectionScopeTests.test_k_advances_across_rejected_draws_so_no_two_luts_share_a_target) ... ok
test_selection_stops_at_the_first_exhausted_lut (test_reachability_spec.SelectionScopeTests.test_selection_stops_at_the_first_exhausted_lut) ... ok
test_the_conjunction_reading_would_have_exhausted (test_reachability_spec.SelectionScopeTests.test_the_conjunction_reading_would_have_exhausted)
Pins the erratum: the literal six-LUT reading finds nothing in 256 draws. ... ok
test_the_converse_the_other_lut_refuses_the_same_draw (test_reachability_spec.SelectionScopeTests.test_the_converse_the_other_lut_refuses_the_same_draw) ... ok
test_the_real_six_complete_under_the_per_lut_scope (test_reachability_spec.SelectionScopeTests.test_the_real_six_complete_under_the_per_lut_scope) ... ok
test_the_stop_path_fires_through_the_same_function (test_reachability_spec.SelectionScopeTests.test_the_stop_path_fires_through_the_same_function)
An impossible mask: 40 fixed positions cannot leave a ceiling of 58. ... ok
test_fixed_values_come_from_the_base_init (test_reachability_spec.SpecTests.test_fixed_values_come_from_the_base_init) ... ok
test_frozen_before_measurement_is_asserted (test_reachability_spec.SpecTests.test_frozen_before_measurement_is_asserted) ... ok
test_lock_pins_are_pinned_on_every_lut (test_reachability_spec.SpecTests.test_lock_pins_are_pinned_on_every_lut) ... ok
test_masks_come_from_the_map (test_reachability_spec.SpecTests.test_masks_come_from_the_map) ... ok
test_mutable_and_fixed_partition_64 (test_reachability_spec.SpecTests.test_mutable_and_fixed_partition_64) ... ok
test_split_is_disjoint_and_complete (test_reachability_spec.SpecTests.test_split_is_disjoint_and_complete) ... ok
test_the_map_is_hash_pinned (test_reachability_spec.SpecTests.test_the_map_is_hash_pinned) ... ok
test_the_mask_integer_agrees_with_the_indices (test_reachability_spec.SpecTests.test_the_mask_integer_agrees_with_the_indices) ... ok
test_the_spec_contains_no_target (test_reachability_spec.SpecTests.test_the_spec_contains_no_target)
A family and a rule, never a chosen function. ... ok
test_the_stop_rule_forbids_widening (test_reachability_spec.SpecTests.test_the_stop_rule_forbids_widening) ... ok
test_totals_match_the_certified_universe (test_reachability_spec.SpecTests.test_totals_match_the_certified_universe) ... ok
test_a_different_k_gives_a_different_target (test_reachability_spec.TargetVectorTests.test_a_different_k_gives_a_different_target) ... ok
test_blocked_positions_are_the_disagreeing_fixed_ones (test_reachability_spec.TargetVectorTests.test_blocked_positions_are_the_disagreeing_fixed_ones) ... ok
test_every_target_is_balanced (test_reachability_spec.TargetVectorTests.test_every_target_is_balanced) ... ok
test_init_integer_uses_entry_v_shifted_by_v (test_reachability_spec.TargetVectorTests.test_init_integer_uses_entry_v_shifted_by_v) ... ok
test_the_known_answer_is_reproduced (test_reachability_spec.TargetVectorTests.test_the_known_answer_is_reproduced)
A literal an independent implementation must match — not a self-comparison. ... ok
test_the_spec_carries_that_known_answer (test_reachability_spec.TargetVectorTests.test_the_spec_carries_that_known_answer) ... ok
test_no_field_tells_a_verifier_to_call_the_producer (test_reachability_spec.VerifierIndependenceTests.test_no_field_tells_a_verifier_to_call_the_producer) ... ok
test_producer_and_verifier_roles_are_named_separately (test_reachability_spec.VerifierIndependenceTests.test_producer_and_verifier_roles_are_named_separately) ... ok
test_the_known_answer_is_named_as_the_rendezvous (test_reachability_spec.VerifierIndependenceTests.test_the_known_answer_is_named_as_the_rendezvous) ... ok
test_the_source_comment_matches_the_spec (test_reachability_spec.VerifierIndependenceTests.test_the_source_comment_matches_the_spec) ... ok
test_the_spec_requires_an_independent_reimplementation (test_reachability_spec.VerifierIndependenceTests.test_the_spec_requires_an_independent_reimplementation) ... ok
test_a_drifted_driver_is_caught_by_the_pin (test_read_side_audit.DriverTests.test_a_drifted_driver_is_caught_by_the_pin) ... ok
test_a_driver_whose_no_op_writes_something_else_is_reported (test_read_side_audit.DriverTests.test_a_driver_whose_no_op_writes_something_else_is_reported) ... ok
test_a_driver_with_no_no_op_step_refuses (test_read_side_audit.DriverTests.test_a_driver_with_no_no_op_step_refuses) ... ok
test_a_driver_with_two_write_sites_refuses (test_read_side_audit.DriverTests.test_a_driver_with_two_write_sites_refuses) ... ok
test_the_real_driver_writes_restore (test_read_side_audit.DriverTests.test_the_real_driver_writes_restore) ... ok
test_a_fault_word_that_is_not_eight_refuses (test_read_side_audit.FaultCodeTests.test_a_fault_word_that_is_not_eight_refuses)
Both runs moved together, so the "they disagree" guard cannot be what fires. ... ok
test_the_real_records_give_code_eight (test_read_side_audit.FaultCodeTests.test_the_real_records_give_code_eight) ... ok
test_two_runs_that_disagree_refuse (test_read_side_audit.FaultCodeTests.test_two_runs_that_disagree_refuse) ... ok
test_a_broken_plmark_chain_fails_the_landing (test_read_side_audit.LandingTests.test_a_broken_plmark_chain_fails_the_landing) ... ok
test_a_capture_that_disagrees_with_its_own_digest_refuses (test_read_side_audit.LandingTests.test_a_capture_that_disagrees_with_its_own_digest_refuses) ... ok
test_a_control_whose_digests_agree_but_not_with_the_bitstream_fails (test_read_side_audit.LandingTests.test_a_control_whose_digests_agree_but_not_with_the_bitstream_fails)
`expected == observed` is the acquisition tool agreeing with itself, not a control. ... ok
test_a_forged_capture_with_consistent_digests_still_fails_the_landing (test_read_side_audit.LandingTests.test_a_forged_capture_with_consistent_digests_still_fails_the_landing)
The strong case: every digest re-stated, so only the WORDS can give it away. ... ok
test_a_forged_control_capture_is_caught_by_the_bitstream (test_read_side_audit.LandingTests.test_a_forged_control_capture_is_caught_by_the_bitstream)
Every digest re-stated, verdict included — only carrier.bit can still tell. ... ok
test_a_missing_positive_control_fails_the_landing (test_read_side_audit.LandingTests.test_a_missing_positive_control_fails_the_landing) ... ok
test_four_missing_plmarks_do_not_form_a_valid_chain (test_read_side_audit.LandingTests.test_four_missing_plmarks_do_not_form_a_valid_chain)
Four equal nulls are absence of evidence, not evidence of one boot. ... ok
test_one_exact_control_repeated_sixteen_times_fails_the_landing (test_read_side_audit.LandingTests.test_one_exact_control_repeated_sixteen_times_fails_the_landing)
A count of exact rows cannot substitute for the frozen sixteen-FAR sequence. ... ok
test_the_real_instances_verify (test_read_side_audit.LandingTests.test_the_real_instances_verify) ... ok
test_a_drifted_pinned_input_refuses (test_read_side_audit.PinnedInputTests.test_a_drifted_pinned_input_refuses) ... ok
test_a_missing_pinned_input_refuses (test_read_side_audit.PinnedInputTests.test_a_missing_pinned_input_refuses) ... ok
test_an_unpinned_loaded_module_refuses (test_read_side_audit.PinnedInputTests.test_an_unpinned_loaded_module_refuses)
Rule 3: importing a repo module without pinning it is a refusal, not a shrug. ... ok
test_the_deliverables_own_files_are_the_only_exemption (test_read_side_audit.PinnedInputTests.test_the_deliverables_own_files_are_the_only_exemption) ... ok
test_a_jtag_capture_is_not_mistaken_for_a_staging_copy (test_read_side_audit.PopulationTests.test_a_jtag_capture_is_not_mistaken_for_a_staging_copy)
JTAG captures carry their words under frames[far]; they are the other path. ... ok
test_a_new_engine_record_would_be_caught (test_read_side_audit.PopulationTests.test_a_new_engine_record_would_be_caught)
The scan is real: a seventh record on disk breaks the closed population. ... ok
test_an_unlisted_staging_copy_on_disk_would_be_caught (test_read_side_audit.PopulationTests.test_an_unlisted_staging_copy_on_disk_would_be_caught)
The scan is shape-based, so a new naming convention cannot slip past either. ... ok
test_discovery_equals_the_freeze_in_the_real_tree (test_read_side_audit.PopulationTests.test_discovery_equals_the_freeze_in_the_real_tree) ... ok
test_one_record_too_few_refuses (test_read_side_audit.PopulationTests.test_one_record_too_few_refuses) ... ok
test_one_record_too_many_refuses (test_read_side_audit.PopulationTests.test_one_record_too_many_refuses) ... ok
test_one_staging_copy_too_few_refuses (test_read_side_audit.PopulationTests.test_one_staging_copy_too_few_refuses) ... ok
test_one_staging_copy_too_many_refuses (test_read_side_audit.PopulationTests.test_one_staging_copy_too_many_refuses) ... ok
test_the_staging_discovery_equals_the_freeze_in_the_real_tree (test_read_side_audit.PopulationTests.test_the_staging_discovery_equals_the_freeze_in_the_real_tree) ... ok
test_every_staging_entry_declares_what_was_owed (test_read_side_audit.StagingExpectationTests.test_every_staging_entry_declares_what_was_owed) ... ok
test_the_audit_no_longer_generalises_about_all_staging (test_read_side_audit.StagingExpectationTests.test_the_audit_no_longer_generalises_about_all_staging) ... ok
test_the_read_side_copy_owed_the_base_not_the_candidate (test_read_side_audit.StagingExpectationTests.test_the_read_side_copy_owed_the_base_not_the_candidate) ... ok
test_the_three_candidate_fault_copies_still_owe_the_candidate (test_read_side_audit.StagingExpectationTests.test_the_three_candidate_fault_copies_still_owe_the_candidate) ... ok
test_the_verdict_is_scoped_to_the_frozen_inventory (test_read_side_audit.VerdictWordingTests.test_the_verdict_is_scoped_to_the_frozen_inventory)
"EVER" would quantify over runs nobody recorded. The wording must not. ... ok
test_a_good_reply_still_passes_through (test_reply_classification.ABannerBeatsAPrompt.test_a_good_reply_still_passes_through) ... ok
test_an_ordinary_reply_is_not_mistaken_for_a_reboot (test_reply_classification.ABannerBeatsAPrompt.test_an_ordinary_reply_is_not_mistaken_for_a_reboot) ... ok
test_the_real_reply_that_fooled_the_instrument_is_detected (test_reply_classification.ABannerBeatsAPrompt.test_the_real_reply_that_fooled_the_instrument_is_detected) ... ok
test_the_transport_checks_the_banner_before_the_prompt (test_reply_classification.ABannerBeatsAPrompt.test_the_transport_checks_the_banner_before_the_prompt) ... ok
test_the_transport_refuses_a_rebooted_reply (test_reply_classification.ABannerBeatsAPrompt.test_the_transport_refuses_a_rebooted_reply) ... ok
test_the_instrument_keeps_full_bytes_when_a_reply_is_odd (test_reply_classification.AnomaliesAreKeptWhole.test_the_instrument_keeps_full_bytes_when_a_reply_is_odd) ... ok
test_the_transports_refusal_quotes_the_complete_reply (test_reply_classification.AnomaliesAreKeptWhole.test_the_transports_refusal_quotes_the_complete_reply) ... ok
test_probe_marks_a_rebooted_reply_and_withholds_the_prompt (test_reply_classification.EveryJudgeAgrees.test_probe_marks_a_rebooted_reply_and_withholds_the_prompt) ... ok
test_the_instrumented_transport_does_the_same (test_reply_classification.EveryJudgeAgrees.test_the_instrumented_transport_does_the_same) ... ok
test_address_known_answers_are_reproduced (test_round1.Round1Tests.test_address_known_answers_are_reproduced) ... ok
test_address_verifier_rejects_wrong_far (test_round1.Round1Tests.test_address_verifier_rejects_wrong_far) ... ok
test_certificate_verifier_rejects_false_pass (test_round1.Round1Tests.test_certificate_verifier_rejects_false_pass) ... ok
test_certificate_verifier_rejects_stale_freeze (test_round1.Round1Tests.test_certificate_verifier_rejects_stale_freeze) ... ok
test_failed_certificate_is_a_valid_record (test_round1.Round1Tests.test_failed_certificate_is_a_valid_record) ... ok
test_failed_certificate_is_not_honored_by_default (test_round1.Round1Tests.test_failed_certificate_is_not_honored_by_default) ... ok
test_independent_data_verifier_accepts_freeze (test_round1.Round1Tests.test_independent_data_verifier_accepts_freeze) ... ok
test_independent_data_verifier_rejects_bad_hash (test_round1.Round1Tests.test_independent_data_verifier_rejects_bad_hash) ... ok
test_passing_certificate_fixture (test_round1.Round1Tests.test_passing_certificate_fixture) ... ok
test_commitment_names_both_endpoints_before_measurement (test_round10.Round10ComparisonLifecycleTests.test_commitment_names_both_endpoints_before_measurement) ... ok
test_comparison_endpoint_is_required_at_feature15 (test_round10.Round10ComparisonLifecycleTests.test_comparison_endpoint_is_required_at_feature15) ... ok
test_comparison_endpoint_must_be_distinct (test_round10.Round10ComparisonLifecycleTests.test_comparison_endpoint_must_be_distinct) ... ok
test_comparison_endpoint_must_name_an_artifact_specimen (test_round10.Round10ComparisonLifecycleTests.test_comparison_endpoint_must_name_an_artifact_specimen) ... ok
test_feature15_cannot_hide_the_new_contract_in_an_old_artifact_version (test_round10.Round10ComparisonLifecycleTests.test_feature15_cannot_hide_the_new_contract_in_an_old_artifact_version) ... ok
test_feature15_known_answer_passes (test_round10.Round10ComparisonLifecycleTests.test_feature15_known_answer_passes) ... ok
test_pair_accounting_may_not_omit_a_committed_pair (test_round10.Round10ComparisonLifecycleTests.test_pair_accounting_may_not_omit_a_committed_pair) ... ok
test_pair_accounting_may_not_substitute_a_self_consistent_result_pair (test_round10.Round10ComparisonLifecycleTests.test_pair_accounting_may_not_substitute_a_self_consistent_result_pair) ... ok
test_postbuild_baseline_substitution_fixture_fails (test_round10.Round10ComparisonLifecycleTests.test_postbuild_baseline_substitution_fixture_fails) ... ok
test_published_feature14_record_keeps_its_original_contract (test_round10.Round10ComparisonLifecycleTests.test_published_feature14_record_keeps_its_original_contract) ... ok
test_a_recipe_with_two_verilog_design_sources_is_rejected (test_round11.Round11AttestationAndStagingTests.test_a_recipe_with_two_verilog_design_sources_is_rejected) ... ok
test_a_recipe_without_a_verilog_design_source_is_rejected (test_round11.Round11AttestationAndStagingTests.test_a_recipe_without_a_verilog_design_source_is_rejected) ... ok
test_bitstream_substitution_is_rejected (test_round11.Round11AttestationAndStagingTests.test_bitstream_substitution_is_rejected) ... ok
test_certificate_artifact_references_must_be_repo_relative (test_round11.Round11AttestationAndStagingTests.test_certificate_artifact_references_must_be_repo_relative) ... ok
test_design_source_hash_is_recomputed_from_the_single_verilog_source (test_round11.Round11AttestationAndStagingTests.test_design_source_hash_is_recomputed_from_the_single_verilog_source) ... ok
test_lut_lock_pins_and_mapping_are_enforced (test_round11.Round11AttestationAndStagingTests.test_lut_lock_pins_and_mapping_are_enforced) ... ok
test_missing_required_cell_is_rejected (test_round11.Round11AttestationAndStagingTests.test_missing_required_cell_is_rejected) ... ok
test_missing_semantic_pointer_is_rejected (test_round11.Round11AttestationAndStagingTests.test_missing_semantic_pointer_is_rejected) ... ok
test_multicell_derived_staging_known_answer_passes (test_round11.Round11AttestationAndStagingTests.test_multicell_derived_staging_known_answer_passes) ... ok
test_non_clock_variants_rebuild_from_routed_cells (test_round11.Round11AttestationAndStagingTests.test_non_clock_variants_rebuild_from_routed_cells) ... ok
test_production_ff_cannot_downgrade_to_1_5_to_omit_staging (test_round11.Round11AttestationAndStagingTests.test_production_ff_cannot_downgrade_to_1_5_to_omit_staging)
A version downgrade must not turn the exact staging contract off. ... ok
test_public_ff_commitment_is_the_184_specimen_contract (test_round11.Round11AttestationAndStagingTests.test_public_ff_commitment_is_the_184_specimen_contract) ... ok
test_safe_child_itself_rejects_an_absolute_path_inside_the_repo (test_round11.Round11AttestationAndStagingTests.test_safe_child_itself_rejects_an_absolute_path_inside_the_repo) ... ok
test_self_consistent_wrong_derived_source_checkpoint_is_rejected (test_round11.Round11AttestationAndStagingTests.test_self_consistent_wrong_derived_source_checkpoint_is_rejected) ... ok
test_semantic_summary_cannot_override_raw_cells (test_round11.Round11AttestationAndStagingTests.test_semantic_summary_cannot_override_raw_cells) ... ok
test_source_stamp_bitstream_link_is_enforced (test_round11.Round11AttestationAndStagingTests.test_source_stamp_bitstream_link_is_enforced) ... ok
test_staged_directory_must_contain_exactly_two_artifacts (test_round11.Round11AttestationAndStagingTests.test_staged_directory_must_contain_exactly_two_artifacts) ... ok
test_staging_may_not_add_an_uncommitted_directory (test_round11.Round11AttestationAndStagingTests.test_staging_may_not_add_an_uncommitted_directory) ... ok
test_staging_may_not_duplicate_a_specimen_or_path (test_round11.Round11AttestationAndStagingTests.test_staging_may_not_duplicate_a_specimen_or_path) ... ok
test_staging_may_not_omit_a_committed_specimen (test_round11.Round11AttestationAndStagingTests.test_staging_may_not_omit_a_committed_specimen) ... ok
test_unverified_source_stamp_is_rejected (test_round11.Round11AttestationAndStagingTests.test_unverified_source_stamp_is_rejected) ... ok
test_address_check_rejects_self_consistent_wrong_far (test_round2.Round2Tests.test_address_check_rejects_self_consistent_wrong_far) ... ok
test_complete_rule_check_rejects_self_consistent_wrong_segbit (test_round2.Round2Tests.test_complete_rule_check_rejects_self_consistent_wrong_segbit) ... ok
test_nonempty_segbits_failure_is_valid_record (test_round2.Round2Tests.test_nonempty_segbits_failure_is_valid_record) ... ok
test_nonempty_segbits_pass_conforms (test_round2.Round2Tests.test_nonempty_segbits_pass_conforms) ... ok
test_attestation_hash_must_match (test_round3.Round3Tests.test_attestation_hash_must_match) ... ok
test_attestation_output_must_include_bitstream (test_round3.Round3Tests.test_attestation_output_must_include_bitstream) ... ok
test_attestation_resolved_loc_must_match_specimen (test_round3.Round3Tests.test_attestation_resolved_loc_must_match_specimen) ... ok
test_attestation_tile_must_match_specimen (test_round3.Round3Tests.test_attestation_tile_must_match_specimen) ... ok
test_current_production_rejects_precommitment_profile (test_round3.Round3Tests.test_current_production_rejects_precommitment_profile) ... ok
test_ecc_only_frame_is_rejected (test_round3.Round3Tests.test_ecc_only_frame_is_rejected) ... ok
test_ecc_shaped_observed_diff_must_be_excluded (test_round3.Round3Tests.test_ecc_shaped_observed_diff_must_be_excluded) ... ok
test_excluded_bit_must_satisfy_ecc_rule (test_round3.Round3Tests.test_excluded_bit_must_satisfy_ecc_rule) ... ok
test_legacy_production_profile_remains_generically_valid (test_round3.Round3Tests.test_legacy_production_profile_remains_generically_valid) ... ok
test_lut_init_requires_attested_identity_pin_mapping (test_round3.Round3Tests.test_lut_init_requires_attested_identity_pin_mapping) ... ok
test_observed_predicted_bit_cannot_also_be_excluded (test_round3.Round3Tests.test_observed_predicted_bit_cannot_also_be_excluded) ... ok
test_production_mode_rejects_legacy_profile_omission (test_round3.Round3Tests.test_production_mode_rejects_legacy_profile_omission) ... ok
test_production_profile_rejects_missing_attestation (test_round3.Round3Tests.test_production_profile_rejects_missing_attestation) ... ok
test_production_profile_rejects_missing_exclusion_evidence (test_round3.Round3Tests.test_production_profile_rejects_missing_exclusion_evidence) ... ok
test_all_preregistered_holdout_pairs_are_mandatory (test_round4.Round4Tests.test_all_preregistered_holdout_pairs_are_mandatory) ... ok
test_certificate_prediction_must_match_every_preregistered_field (test_round4.Round4Tests.test_certificate_prediction_must_match_every_preregistered_field) ... ok
test_commitment_hash_must_match (test_round4.Round4Tests.test_commitment_hash_must_match) ... ok
test_commitment_seed_must_match_artifact (test_round4.Round4Tests.test_commitment_seed_must_match_artifact) ... ok
test_commitment_totals_are_not_trusted (test_round4.Round4Tests.test_commitment_totals_are_not_trusted) ... ok
test_lifecycle_profile_passes_with_duplicate_feature_names (test_round4.Round4Tests.test_lifecycle_profile_passes_with_duplicate_feature_names) ... ok
test_pair_key_collision_is_rejected (test_round4.Round4Tests.test_pair_key_collision_is_rejected) ... ok
test_real_run_cherry_pick_reports_261_missing_holdout_pairs (test_round4.Round4Tests.test_real_run_cherry_pick_reports_261_missing_holdout_pairs) ... ok
test_first_real_certificate_passes_production_verification (test_round5.Round5Tests.test_first_real_certificate_passes_production_verification) ... ok
test_self_consistent_unpadded_token_is_rejected_by_frozen_text (test_round5.Round5Tests.test_self_consistent_unpadded_token_is_rejected_by_frozen_text) ... ok
test_bucket_overlap_is_rejected_from_bit_identity (test_round6.Round6Tests.test_bucket_overlap_is_rejected_from_bit_identity) ... ok
test_certificate_specimen_identity_is_pinned_by_commitment (test_round6.Round6Tests.test_certificate_specimen_identity_is_pinned_by_commitment) ... ok
test_claimed_bit_cannot_be_relabelled_as_ownership_unknown (test_round6.Round6Tests.test_claimed_bit_cannot_be_relabelled_as_ownership_unknown) ... ok
test_claimed_two_member_decode_is_rejected (test_round6.Round6Tests.test_claimed_two_member_decode_is_rejected) ... ok
test_every_committed_holdout_group_pair_is_required (test_round6.Round6Tests.test_every_committed_holdout_group_pair_is_required) ... ok
test_first_real_group_certificate_passes_production_verification (test_round6.Round6Tests.test_first_real_group_certificate_passes_production_verification) ... ok
test_geometric_bit_cannot_be_relabelled_as_unattributed (test_round6.Round6Tests.test_geometric_bit_cannot_be_relabelled_as_unattributed) ... ok
test_group_commitment_frozen_file_hash_must_match_certificate (test_round6.Round6Tests.test_group_commitment_frozen_file_hash_must_match_certificate) ... ok
test_group_commitment_totals_are_independently_recounted (test_round6.Round6Tests.test_group_commitment_totals_are_independently_recounted) ... ok
test_group_rule_must_match_the_specimen_site_instance (test_round6.Round6Tests.test_group_rule_must_match_the_specimen_site_instance) ... ok
test_group_segbit_text_requires_frozen_zero_padding (test_round6.Round6Tests.test_group_segbit_text_requires_frozen_zero_padding) ... ok
test_name_derived_carry4_grouping_is_rejected (test_round6.Round6Tests.test_name_derived_carry4_grouping_is_rejected) ... ok
test_producer_consistency_boolean_is_not_trusted (test_round6.Round6Tests.test_producer_consistency_boolean_is_not_trusted) ... ok
test_producer_expected_edge_copy_is_not_trusted (test_round6.Round6Tests.test_producer_expected_edge_copy_is_not_trusted) ... ok
test_real_group_certificate_cannot_be_promoted_to_tile_scope (test_round6.Round6Tests.test_real_group_certificate_cannot_be_promoted_to_tile_scope) ... ok
test_scope_bit_cannot_be_relabelled_as_db_attributed (test_round6.Round6Tests.test_scope_bit_cannot_be_relabelled_as_db_attributed) ... ok
test_semantic_failure_must_not_be_folded_into_address_status (test_round6.Round6Tests.test_semantic_failure_must_not_be_folded_into_address_status) ... ok
test_semantic_only_failure_passes_address_decision_and_is_loud (test_round6.Round6Tests.test_semantic_only_failure_passes_address_decision_and_is_loud) ... ok
test_synthetic_missing_claiming_dbs_is_rejected (test_round6.Round6Tests.test_synthetic_missing_claiming_dbs_is_rejected) ... ok
test_synthetic_missing_claiming_dbs_passes_after_they_are_pinned (test_round6.Round6Tests.test_synthetic_missing_claiming_dbs_passes_after_they_are_pinned) ... ok
test_tile_wide_claim_fails_when_geometry_contains_unknown_bits (test_round6.Round6Tests.test_tile_wide_claim_fails_when_geometry_contains_unknown_bits) ... ok
test_true_group_artifacts_conform (test_round6.Round6Tests.test_true_group_artifacts_conform) ... ok
test_truncated_scope_is_rejected_even_when_commitment_matches (test_round6.Round6Tests.test_truncated_scope_is_rejected_even_when_commitment_matches) ... ok
test_unclaimed_geometric_bit_cannot_be_labelled_db_attributed (test_round6.Round6Tests.test_unclaimed_geometric_bit_cannot_be_labelled_db_attributed) ... ok
test_uncovered_raw_diff_bit_is_rejected (test_round6.Round6Tests.test_uncovered_raw_diff_bit_is_rejected) ... ok
test_unknown_label_is_valid_for_unclaimed_out_of_scope_geometry (test_round6.Round6Tests.test_unknown_label_is_valid_for_unclaimed_out_of_scope_geometry) ... ok
test_all_committed_feature_keys_are_mandatory (test_round9.Round9Feature14Tests.test_all_committed_feature_keys_are_mandatory) ... ok
test_bucket_label_is_recomputed_from_frozen_evidence (test_round9.Round9Feature14Tests.test_bucket_label_is_recomputed_from_frozen_evidence) ... ok
test_candidate_b_known_answer_passes_both_complementary_states (test_round9.Round9Feature14Tests.test_candidate_b_known_answer_passes_both_complementary_states) ... ok
test_conformance_fixture_cannot_be_mistaken_for_production (test_round9.Round9Feature14Tests.test_conformance_fixture_cannot_be_mistaken_for_production) ... ok
test_duplicate_frozen_codeword_names_are_an_ambiguity (test_round9.Round9Feature14Tests.test_duplicate_frozen_codeword_names_are_an_ambiguity) ... ok
test_holdout_tp_fn_comes_from_endpoint_transition_not_diff (test_round9.Round9Feature14Tests.test_holdout_tp_fn_comes_from_endpoint_transition_not_diff) ... ok
test_partition_hole_is_rejected (test_round9.Round9Feature14Tests.test_partition_hole_is_rejected) ... ok
test_same_address_may_pass_opposite_states_in_different_specimens (test_round9.Round9Feature14Tests.test_same_address_may_pass_opposite_states_in_different_specimens) ... ok
test_same_class_out_of_scope_db_bit_is_pair_level_fp (test_round9.Round9Feature14Tests.test_same_class_out_of_scope_db_bit_is_pair_level_fp) ... ok
test_same_specimen_address_cannot_report_two_observed_values (test_round9.Round9Feature14Tests.test_same_specimen_address_cannot_report_two_observed_values) ... ok
test_semantic_only_failure_is_loud_but_does_not_fail_address_status (test_round9.Round9Feature14Tests.test_semantic_only_failure_is_loud_but_does_not_fail_address_status) ... ok
test_semantic_outcome_summary_is_not_trusted (test_round9.Round9Feature14Tests.test_semantic_outcome_summary_is_not_trusted) ... ok
test_decode_validity_is_recomputed_but_not_counted (test_round9.Round9Group14Tests.test_decode_validity_is_recomputed_but_not_counted) ... ok
test_exclusivity_outcome_must_be_labelled_vacuous_without_passed (test_round9.Round9Group14Tests.test_exclusivity_outcome_must_be_labelled_vacuous_without_passed) ... ok
test_run_b_recount_has_only_sixteen_falsifiable_address_passes (test_round9.Round9Group14Tests.test_run_b_recount_has_only_sixteen_falsifiable_address_passes) ... ok
test_vacuous_exclusivity_cannot_be_reintroduced_as_address_pass (test_round9.Round9Group14Tests.test_vacuous_exclusivity_cannot_be_reintroduced_as_address_pass) ... ok
test_committed_certificate_carries_the_corrected_accounting (test_run_b_erratum.RunBErratumTests.test_committed_certificate_carries_the_corrected_accounting) ... ok
test_committed_certificate_still_verifies_as_production (test_run_b_erratum.RunBErratumTests.test_committed_certificate_still_verifies_as_production) ... ok
test_decode_validity_diagnostic_cannot_be_counted_either (test_run_b_erratum.RunBErratumTests.test_decode_validity_diagnostic_cannot_be_counted_either) ... ok
test_every_outcome_keeps_its_independently_decoded_members (test_run_b_erratum.RunBErratumTests.test_every_outcome_keeps_its_independently_decoded_members) ... ok
test_manifest_index_agrees_with_the_certificate (test_run_b_erratum.RunBErratumTests.test_manifest_index_agrees_with_the_certificate) ... ok
test_no_observation_changed_between_the_two_records (test_run_b_erratum.RunBErratumTests.test_no_observation_changed_between_the_two_records) ... ok
test_prediction_commitment_is_untouched (test_run_b_erratum.RunBErratumTests.test_prediction_commitment_is_untouched) ... ok
test_reintroducing_the_exclusivity_verdict_is_also_rejected (test_run_b_erratum.RunBErratumTests.test_reintroducing_the_exclusivity_verdict_is_also_rejected) ... ok
test_the_old_two_assertion_accounting_is_not_expressible_at_1_4 (test_run_b_erratum.RunBErratumTests.test_the_old_two_assertion_accounting_is_not_expressible_at_1_4) ... ok
test_vacuous_exclusivity_cannot_be_reintroduced_as_an_address_pass (test_run_b_erratum.RunBErratumTests.test_vacuous_exclusivity_cannot_be_reintroduced_as_an_address_pass) ... ok
test_an_unknown_arm_is_refused (test_run_log.ArmTests.test_an_unknown_arm_is_refused) ... ok
test_both_arms_are_expressible (test_run_log.ArmTests.test_both_arms_are_expressible) ... ok
test_a_single_word_changes_the_sequence_hash (test_run_log.HashTests.test_a_single_word_changes_the_sequence_hash) ... ok
test_frames_hash_is_order_independent (test_run_log.HashTests.test_frames_hash_is_order_independent) ... ok
test_frames_hash_separates_far_from_content (test_run_log.HashTests.test_frames_hash_separates_far_from_content)
The same content at different addresses is a different candidate. ... ok
test_sequence_hash_is_order_dependent (test_run_log.HashTests.test_sequence_hash_is_order_dependent) ... ok
test_disruptions_and_epochs_are_totalled (test_run_log.LifecycleTests.test_disruptions_and_epochs_are_totalled) ... ok
test_raw_identity_replies_survive_into_the_log (test_run_log.LifecycleTests.test_raw_identity_replies_survive_into_the_log) ... ok
test_written_log_round_trips (test_run_log.LifecycleTests.test_written_log_round_trips) ... ok
test_a_candidate_written_in_an_unauthorised_epoch_is_a_problem (test_run_log.ReaderChecksTests.test_a_candidate_written_in_an_unauthorised_epoch_is_a_problem) ... ok
test_a_clean_run_has_no_problems (test_run_log.ReaderChecksTests.test_a_clean_run_has_no_problems) ... ok
test_a_forged_scored_entry_is_caught_by_the_reader (test_run_log.ReaderChecksTests.test_a_forged_scored_entry_is_caught_by_the_reader)
Bypass record_candidate entirely, as a modified runner would. ... ok
test_an_unpinned_artifact_is_a_problem (test_run_log.ReaderChecksTests.test_an_unpinned_artifact_is_a_problem) ... ok
test_exceeding_the_budget_is_a_problem (test_run_log.ReaderChecksTests.test_exceeding_the_budget_is_a_problem) ... ok
test_a_matching_readback_scores (test_run_log.ScoringGuardTests.test_a_matching_readback_scores) ... ok
test_an_unscored_failure_is_recorded_not_rejected (test_run_log.ScoringGuardTests.test_an_unscored_failure_is_recorded_not_rejected)
A refused candidate is data, not an error: safety metrics are the point. ... ok
test_an_unscored_readback_mismatch_records_the_mismatch (test_run_log.ScoringGuardTests.test_an_unscored_readback_mismatch_records_the_mismatch)
Written, read back wrong, not scored — the log must still say it did not match. ... ok
test_scoring_a_differing_readback_is_refused (test_run_log.ScoringGuardTests.test_scoring_a_differing_readback_is_refused) ... ok
test_scoring_a_refused_candidate_is_refused (test_run_log.ScoringGuardTests.test_scoring_a_refused_candidate_is_refused) ... ok
test_scoring_without_a_fitness_is_refused (test_run_log.ScoringGuardTests.test_scoring_without_a_fitness_is_refused) ... ok
test_scoring_without_a_readback_is_refused (test_run_log.ScoringGuardTests.test_scoring_without_a_readback_is_refused) ... ok
test_ecc_constants_match_the_ecc_module (test_safety_decidability.CandidateFootprint.test_ecc_constants_match_the_ecc_module) ... ok
test_footprint_counts_ecc_collateral (test_safety_decidability.CandidateFootprint.test_footprint_counts_ecc_collateral) ... ok
test_all_zero (test_safety_decidability.Classify.test_all_zero) ... ok
test_decoded (test_safety_decidability.Classify.test_decoded) ... ok
test_multi_is_detected (test_safety_decidability.Classify.test_multi_is_detected) ... ok
test_undecodable_is_not_reported_as_safe (test_safety_decidability.Classify.test_undecodable_is_not_reported_as_safe) ... ok
test_bits_of_a_group_are_the_union (test_safety_decidability.DecodeGroups.test_bits_of_a_group_are_the_union) ... ok
test_groups_follow_bits_not_names (test_safety_decidability.DecodeGroups.test_groups_follow_bits_not_names) ... ok
test_int_rule_patterns_are_two_or_five_bits (test_safety_decidability.FrozenRuleFiles.test_int_rule_patterns_are_two_or_five_bits) ... ok
test_the_map_universe_is_decidable_on_the_frozen_data (test_safety_decidability.FrozenRuleFiles.test_the_map_universe_is_decidable_on_the_frozen_data)
The published claim, re-derived rather than quoted. ... ok
test_a_feature_absent_from_the_rules_fails_the_check (test_safety_decidability.MapUniverseCheck.test_a_feature_absent_from_the_rules_fails_the_check) ... ok
test_a_mux_member_fails_the_check (test_safety_decidability.MapUniverseCheck.test_a_mux_member_fails_the_check) ... ok
test_a_shared_bit_fails_the_check (test_safety_decidability.MapUniverseCheck.test_a_shared_bit_fails_the_check) ... ok
test_the_flag_names_semantic_bits_only (test_safety_decidability.MapUniverseCheck.test_the_flag_names_semantic_bits_only)
A serialized candidate also carries ECC collateral; the flag must not imply it. ... ok
test_width_one_unshared_universe_passes (test_safety_decidability.MapUniverseCheck.test_width_one_unshared_universe_passes) ... ok
test_schema_constant_is_neutral (test_safety_decidability.ReportSchema.test_schema_constant_is_neutral) ... ok
test_the_report_takes_its_schema_from_that_constant (test_safety_decidability.ReportSchema.test_the_report_takes_its_schema_from_that_constant)
Structural, not textual. ... ok
test_the_retracted_names_cannot_come_back (test_safety_decidability.ReportSchema.test_the_retracted_names_cannot_come_back) ... ok
test_execute_transaction_is_called_at_one_site (test_single_write_entrypoint.TheCapabilityIsHeldOnce.test_execute_transaction_is_called_at_one_site) ... ok
test_write_capability_is_referenced_at_one_site (test_single_write_entrypoint.TheCapabilityIsHeldOnce.test_write_capability_is_referenced_at_one_site) ... ok
test_write_sequence_is_called_at_one_site (test_single_write_entrypoint.TheCapabilityIsHeldOnce.test_write_sequence_is_called_at_one_site) ... ok
test_board_uboot_transmit_is_used_at_one_site (test_single_write_entrypoint.ThereIsOneProductionPath.test_board_uboot_transmit_is_used_at_one_site) ... ok
test_run_candidate_is_called_at_one_site (test_single_write_entrypoint.ThereIsOneProductionPath.test_run_candidate_is_called_at_one_site) ... ok
test_the_production_entrypoint_builds_its_own_transmit (test_single_write_entrypoint.ThereIsOneProductionPath.test_the_production_entrypoint_builds_its_own_transmit)
Not just "calls both" — the transmit passed to `run_candidate` must be the one ... ok
test_the_production_entrypoint_cannot_be_handed_a_transmit (test_single_write_entrypoint.ThereIsOneProductionPath.test_the_production_entrypoint_cannot_be_handed_a_transmit) ... ok
test_the_arm_bits_are_used_only_by_the_transport_arm_function (test_single_write_entrypoint.ThereIsOneScorerArm.test_the_arm_bits_are_used_only_by_the_transport_arm_function) ... ok
test_the_arm_function_is_called_at_one_site (test_single_write_entrypoint.ThereIsOneScorerArm.test_the_arm_function_is_called_at_one_site) ... ok
test_the_postfault_capture_module_cannot_name_the_evaluation_path (test_single_write_entrypoint.ThereIsOneScorerArm.test_the_postfault_capture_module_cannot_name_the_evaluation_path) ... ok
test_the_reviewed_round_has_one_production_caller (test_single_write_entrypoint.ThereIsOneScorerArm.test_the_reviewed_round_has_one_production_caller) ... ok
test_the_score_capability_is_held_once (test_single_write_entrypoint.ThereIsOneScorerArm.test_the_score_capability_is_held_once) ... ok
test_the_session_score_path_is_called_from_one_production_site (test_single_write_entrypoint.ThereIsOneScorerArm.test_the_session_score_path_is_called_from_one_production_site) ... ok
test_only_the_transport_names_the_carrier_axi_window (test_single_write_entrypoint.WindowIsNamedOnce.test_only_the_transport_names_the_carrier_axi_window)
A second writer would have to say where it is writing. ... ok
test_the_transport_offers_no_command_line (test_single_write_entrypoint.WindowIsNamedOnce.test_the_transport_offers_no_command_line)
`board_uboot_axi` must not be runnable. A CLI is an entrypoint by definition. ... ok
test_an_unattested_entry_is_rejected_even_if_map_is_self_consistent (test_verify_local_map.LocalMapAuthorityTests.test_an_unattested_entry_is_rejected_even_if_map_is_self_consistent) ... ok
test_authority_schema_is_final_and_real_map_conforms (test_verify_local_map.LocalMapAuthorityTests.test_authority_schema_is_final_and_real_map_conforms) ... ok
test_by_lut_cannot_merge_two_truth_tables (test_verify_local_map.LocalMapAuthorityTests.test_by_lut_cannot_merge_two_truth_tables) ... ok
test_collateral_is_derived_from_every_certificate_result (test_verify_local_map.LocalMapAuthorityTests.test_collateral_is_derived_from_every_certificate_result) ... ok
test_conformance_certificate_is_rejected (test_verify_local_map.LocalMapAuthorityTests.test_conformance_certificate_is_rejected) ... ok
test_disagreeing_reattestation_is_rejected (test_verify_local_map.LocalMapAuthorityTests.test_disagreeing_reattestation_is_rejected) ... ok
test_failed_certificate_is_rejected (test_verify_local_map.LocalMapAuthorityTests.test_failed_certificate_is_rejected) ... ok
test_map_cannot_choose_its_own_collateral_rule (test_verify_local_map.LocalMapAuthorityTests.test_map_cannot_choose_its_own_collateral_rule) ... ok
test_negated_known_answer_passes (test_verify_local_map.LocalMapAuthorityTests.test_negated_known_answer_passes) ... ok
test_real_map_passes_the_independent_cli (test_verify_local_map.LocalMapAuthorityTests.test_real_map_passes_the_independent_cli) ... ok
test_round_one_refuses_a_stronger_provenance_kind (test_verify_local_map.LocalMapAuthorityTests.test_round_one_refuses_a_stronger_provenance_kind) ... ok
test_token_and_structured_polarity_must_agree (test_verify_local_map.LocalMapAuthorityTests.test_token_and_structured_polarity_must_agree) ... ok
test_wrong_certificate_hash_is_rejected (test_verify_local_map.LocalMapAuthorityTests.test_wrong_certificate_hash_is_rejected) ... ok
test_wrong_manifest_hash_is_rejected (test_verify_local_map.LocalMapAuthorityTests.test_wrong_manifest_hash_is_rejected) ... ok
test_wrong_negated_value_is_rejected_even_when_map_and_certificate_agree (test_verify_local_map.LocalMapAuthorityTests.test_wrong_negated_value_is_rejected_even_when_map_and_certificate_agree) ... ok
test_duplicate_blocked_position_is_refused (test_verify_reachability_report.AuthoritySchemaTests.test_duplicate_blocked_position_is_refused) ... ok
test_exhausted_record_cannot_carry_a_target (test_verify_reachability_report.AuthoritySchemaTests.test_exhausted_record_cannot_carry_a_target) ... ok
test_selected_record_cannot_use_exhaustion_nulls (test_verify_reachability_report.AuthoritySchemaTests.test_selected_record_cannot_use_exhaustion_nulls) ... ok
test_spec_sha256_is_top_level_as_the_frozen_spec_requires (test_verify_reachability_report.AuthoritySchemaTests.test_spec_sha256_is_top_level_as_the_frozen_spec_requires) ... ok
test_unknown_top_level_field_is_refused (test_verify_reachability_report.AuthoritySchemaTests.test_unknown_top_level_field_is_refused) ... ok
test_a_success_record_after_256_failures_is_refused (test_verify_reachability_report.ExhaustionBoundaryTests.test_a_success_record_after_256_failures_is_refused) ... ok
test_independent_derivation_exhausts_after_exactly_256_failures (test_verify_reachability_report.ExhaustionBoundaryTests.test_independent_derivation_exhausts_after_exactly_256_failures) ... ok
test_all_known_bad_fixtures_are_schema_valid_but_semantically_refused (test_verify_reachability_report.LiteralKnownAnswerTests.test_all_known_bad_fixtures_are_schema_valid_but_semantically_refused) ... ok
test_fixture_pins_literal_targets_and_rejection (test_verify_reachability_report.LiteralKnownAnswerTests.test_fixture_pins_literal_targets_and_rejection) ... ok
test_good_fixture_passes_schema_and_independent_semantics (test_verify_reachability_report.LiteralKnownAnswerTests.test_good_fixture_passes_schema_and_independent_semantics) ... ok
test_literal_known_answer_meets_the_independent_implementation (test_verify_reachability_report.LiteralKnownAnswerTests.test_literal_known_answer_meets_the_independent_implementation) ... ok
test_an_acceptable_draw_cannot_be_recorded_as_discarded (test_verify_reachability_report.ReportSemanticMutationTests.test_an_acceptable_draw_cannot_be_recorded_as_discarded) ... ok
test_balanced_but_wrong_target_is_refused (test_verify_reachability_report.ReportSemanticMutationTests.test_balanced_but_wrong_target_is_refused) ... ok
test_duplicate_lut_is_refused (test_verify_reachability_report.ReportSemanticMutationTests.test_duplicate_lut_is_refused) ... ok
test_exhaustion_before_the_cap_is_refused (test_verify_reachability_report.ReportSemanticMutationTests.test_exhaustion_before_the_cap_is_refused) ... ok
test_extra_lut_is_refused (test_verify_reachability_report.ReportSemanticMutationTests.test_extra_lut_is_refused) ... ok
test_missing_lut_is_refused (test_verify_reachability_report.ReportSemanticMutationTests.test_missing_lut_is_refused) ... ok
test_reordered_discards_are_refused (test_verify_reachability_report.ReportSemanticMutationTests.test_reordered_discards_are_refused) ... ok
test_reordered_luts_are_refused (test_verify_reachability_report.ReportSemanticMutationTests.test_reordered_luts_are_refused) ... ok
test_skipped_draw_is_refused (test_verify_reachability_report.ReportSemanticMutationTests.test_skipped_draw_is_refused) ... ok
test_unbalanced_target_is_refused_by_derivation_not_format (test_verify_reachability_report.ReportSemanticMutationTests.test_unbalanced_target_is_refused_by_derivation_not_format) ... ok
test_wrong_blocked_positions_are_refused (test_verify_reachability_report.ReportSemanticMutationTests.test_wrong_blocked_positions_are_refused) ... ok
test_wrong_ceiling_is_refused (test_verify_reachability_report.ReportSemanticMutationTests.test_wrong_ceiling_is_refused) ... ok
test_wrong_spec_hash_is_refused (test_verify_reachability_report.ReportSemanticMutationTests.test_wrong_spec_hash_is_refused) ... ok
test_wrong_totals_are_refused (test_verify_reachability_report.ReportSemanticMutationTests.test_wrong_totals_are_refused) ... ok
test_cli_accepts_a_spec_whose_bytes_are_in_head (test_verify_reachability_report.SpecAuthorityAndIndependenceTests.test_cli_accepts_a_spec_whose_bytes_are_in_head) ... ok
test_cli_refuses_a_working_spec_changed_after_commit (test_verify_reachability_report.SpecAuthorityAndIndependenceTests.test_cli_refuses_a_working_spec_changed_after_commit) ... ok
test_cli_refuses_without_git_authority (test_verify_reachability_report.SpecAuthorityAndIndependenceTests.test_cli_refuses_without_git_authority) ... ok
test_committed_production_spec_is_interpretable_without_selecting_targets (test_verify_reachability_report.SpecAuthorityAndIndependenceTests.test_committed_production_spec_is_interpretable_without_selecting_targets) ... ok
test_global_scope_is_refused (test_verify_reachability_report.SpecAuthorityAndIndependenceTests.test_global_scope_is_refused) ... ok
test_known_answer_drift_in_the_spec_is_refused (test_verify_reachability_report.SpecAuthorityAndIndependenceTests.test_known_answer_drift_in_the_spec_is_refused) ... ok
test_lock_pins_drift_is_refused (test_verify_reachability_report.SpecAuthorityAndIndependenceTests.test_lock_pins_drift_is_refused) ... ok
test_malformed_required_fields_refuses_instead_of_throwing (test_verify_reachability_report.SpecAuthorityAndIndependenceTests.test_malformed_required_fields_refuses_instead_of_throwing) ... ok
test_production_cli_exposes_no_alternate_repository (test_verify_reachability_report.SpecAuthorityAndIndependenceTests.test_production_cli_exposes_no_alternate_repository) ... ok
test_production_mode_refuses_the_conformance_spec (test_verify_reachability_report.SpecAuthorityAndIndependenceTests.test_production_mode_refuses_the_conformance_spec) ... ok
test_verifier_imports_no_producer_module (test_verify_reachability_report.SpecAuthorityAndIndependenceTests.test_verifier_imports_no_producer_module) ... ok

----------------------------------------------------------------------
Ran 1451 tests in 224.974s

OK (skipped=27)
